"Job OpportunitiesThis website uses cookies to customize and improve your experience. If you are a California resident, you may be entitled to certain rights regarding your personal information. Additional information about our data collection practices and location specific notices is available on our privacy policy.Accept CookiesMy AccountMy AccountSign OutSign InSign InSearch Job ListingsSort By: NewestOldestListing TitleLocationFiltersLocationSearch ByLocation Zip CodeWithin(Miles) 5 Miles 10 Miles 20 Miles 50 Miles 100 Miles 200 MilesofSelect All7107- The Woodlands, TX - The Woodlands, TX, 773807116 B- Plano, TX - Fort Worth, TX, 761107116- Team Iturrino, TX - Plano, TX, 750247120- Texas Capital Cypress, TX - Houston, TX, 770707127 B- Kingwood, TX - Houston, TX, 770587127- Kingwood, TX - Kingwood, TX, 773397133 - Round Rock, TX - Round Rock, TX, 786817134- Texas Capital Katy, TX - Katy, TX, 774947136 - College Station, TX - College Station, TX, 778457138 B- Garden Ridge, TX - New Braunfels, TX, 781307138- Garden Ridge, TX - Garden Ridge, TX, 782667139- New Braunfels, TX - New Braunfels, TX, 781307148- San Antonio, TX - San Antonio, TX, 782327164-Allen, TX - Allen, TX, 750137166- Dallas, TX - Dallas, TX, 752147167- Stillwater, OK - Stillwater, OK, 740757168- Houston, TX - Houston, TX, 770657170- Wichita, KS - Wichita, KS, 672307175- Houston, TX - Houston, TX, 770067176- Longview, TX - Longview, TX, 756017178 - Arlington, TX - Arlington, TX, 760177180-Edmond, OK - Edmond, OK, 730137181- Tulsa, OK - Tulsa, OK, 741337182- Elk City, OK - Elk City, OK, 736487184- Blytheville, AR - Blytheville, AR, 723157185 - Monticello, AR - Monticello, AR, 716557188 - McAllen, TX - Mission, TX, 785727195 B- Tulsa, OK - Tulsa, OK, 741337195 C- Oklahoma City, OK - Oklahoma City, OK, 731027195-Oklahoma City, OK - Oklahoma City, OK, 731427196-Tulsa, OK - Jenks, OK, 740377198-Fayetteville, AR - Springdale, AR, 727627199-Little Rock, AR - North Little Rock, AR, 721167200-Dallas, TX - Plano, TX, 750247201 - Elk City, OK - Elk City, OK, 736447202- OKC Shartel, OK - Oklahoma City, OK, 731187203 - Edmond Central, OK - Edmond, OK, 730037205- SP_Oklahoma, City, OK - Oklahoma City, OK, 731427206- SP_Tulsa, OK - Tulsa, OK, 741377207- Jonesboro, AR - Jonesboro, AR, 724017210- Grand Junction, CO - Grand Junction, CO, 815067230 - RW_Dallas, TX - Dallas, TX, 752547231 - RW_Greenville, TX - Greenvile, TX, 754027232 - RW_ Laredo, TX - Plano, TX, 750247233 - Waco, TX - Waco, TX, 767107250 - Missouri City, TX - Missouri City, TX, 774597260- Hendersonville, TN - Hendersonville, TN, 370757261- Brentwood, TN - Brentwood, TN, 370277270- Ridgeland, MS - Ridgeland, MS, 391577290-Greenville, SC - Greenville, SC, 296077291- North Charleston, SC - North Charleston, SC7501- Mt. Juliet, TN - Mount Juliet, TN, 371227503- Florence, KY - Florence, KY, 410427504 B- Louisville, KY - Louisville,, KY, 402167504- Louisville, KY - Louisville, KY, 402437505- Louisville, KY - Louisville, KY, 402437507- New Albany, IN - New Albany, IN, 471507508 - East Nashville, TN - Nashville, TN, 372077515 - Nashville Central, TN - Nashville, TN, 372037525- Maitland, FL - Maitland, FL7601- Birmingham, AL - Birmingham, AL, 352427602- Tuscaloosa, AL - Tuscaloosa, AL, 354067603- New Orleans, LA - New Orleans, LA, 701307605 - Mandeville, LA - Mandeville, LA, 704487606- Franklin, TN - Franklin, TN, 370677607 - Bossier City, LA - Bossier City, LA, 711117608-Hammond, LA - Hammond, LA, 704037609- Houma, LA - Houma, LA, 703647650- Huntsville, AL - Madison, AL, 357587651- Montgomery, AL - Montgomery, AL, 361177652- Auburn, AL - Auburn, AL, 368307653- Birmingham, AL - Birmingham, AL, 352427654- Dothan, AL - Dothan, AL, 363037656- Safety Harbor, FL - Safety Harbor, FL, 346957657- Orange Beach, AL - Orange Beach, AL, 365617658- Hinesville, GA - Hinesville, GA, 313137659- Columbus, GA - Columbus, GA, 319047661- Madison, AL - Madison, AL, 357587662- Panama City, FL - Panama City, FL, 324077663- Georgetown, TX - Georgetown, TX, 786287665- Kissimmee, FL - Kissimmee, FL, 347417666- Tampa, FL - Tampa, FL, 336077667 - Hartselle, AL - Hartselle, AL, 356407668 - Columbus, OH - Columbus, OH, 432357680-Melbourne, FL - Melbourne, FL, 329407681- Pensacola, FL - Pensacola, FL, 3250232507682- Grant, AL - Grant, AL, 357477683- Fort Walton Beach, FL - Fort Walton Beach, FL, 325477684- Memphis, TN - Memphis, TN, 381197684-Memphis, TN - Memphis, TN, 381197684-Memphis, TN - Memphis, TN, 381197685- Shreveport, LA - Shreveport, LA, 711067686- Destin, FL - Destin, FL, 325418009- Austin, TX - Round Rock, TX, 786819000- Corporate Offices (Houston) - Houston, TX, 77086Show Selected FiltersPosition TypeContractorFull TimeFull-Time/Part-TimeInternshipPart TimePer DiemSeasonalShow Selected FiltersCreate Your Job AlertCan't find what you are looking for? Upload your resume and Join Our Talent Community!FiltersFiltersSearch Job ListingsSort By: NewestOldestListing TitleLocationFiltersLocationSearch ByLocation Zip CodeWithin(Miles) 5 Miles 10 Miles 20 Miles 50 Miles 100 Miles 200 MilesofSelect All7107- The Woodlands, TX - The Woodlands, TX, 773807116 B- Plano, TX - Fort Worth, TX, 761107116- Team Iturrino, TX - Plano, TX, 750247120- Texas Capital Cypress, TX - Houston, TX, 770707127 B- Kingwood, TX - Houston, TX, 770587127- Kingwood, TX - Kingwood, TX, 773397133 - Round Rock, TX - Round Rock, TX, 786817134- Texas Capital Katy, TX - Katy, TX, 774947136 - College Station, TX - College Station, TX, 778457138 B- Garden Ridge, TX - New Braunfels, TX, 781307138- Garden Ridge, TX - Garden Ridge, TX, 782667139- New Braunfels, TX - New Braunfels, TX, 781307148- San Antonio, TX - San Antonio, TX, 782327164-Allen, TX - Allen, TX, 750137166- Dallas, TX - Dallas, TX, 752147167- Stillwater, OK - Stillwater, OK, 740757168- Houston, TX - Houston, TX, 770657170- Wichita, KS - Wichita, KS, 672307175- Houston, TX - Houston, TX, 770067176- Longview, TX - Longview, TX, 756017178 - Arlington, TX - Arlington, TX, 760177180-Edmond, OK - Edmond, OK, 730137181- Tulsa, OK - Tulsa, OK, 741337182- Elk City, OK - Elk City, OK, 736487184- Blytheville, AR - Blytheville, AR, 723157185 - Monticello, AR - Monticello, AR, 716557188 - McAllen, TX - Mission, TX, 785727195 B- Tulsa, OK - Tulsa, OK, 741337195 C- Oklahoma City, OK - Oklahoma City, OK, 731027195-Oklahoma City, OK - Oklahoma City, OK, 731427196-Tulsa, OK - Jenks, OK, 740377198-Fayetteville, AR - Springdale, AR, 727627199-Little Rock, AR - North Little Rock, AR, 721167200-Dallas, TX - Plano, TX, 750247201 - Elk City, OK - Elk City, OK, 736447202- OKC Shartel, OK - Oklahoma City, OK, 731187203 - Edmond Central, OK - Edmond, OK, 730037205- SP_Oklahoma, City, OK - Oklahoma City, OK, 731427206- SP_Tulsa, OK - Tulsa, OK, 741377207- Jonesboro, AR - Jonesboro, AR, 724017210- Grand Junction, CO - Grand Junction, CO, 815067230 - RW_Dallas, TX - Dallas, TX, 752547231 - RW_Greenville, TX - Greenvile, TX, 754027232 - RW_ Laredo, TX - Plano, TX, 750247233 - Waco, TX - Waco, TX, 767107250 - Missouri City, TX - Missouri City, TX, 774597260- Hendersonville, TN - Hendersonville, TN, 370757261- Brentwood, TN - Brentwood, TN, 370277270- Ridgeland, MS - Ridgeland, MS, 391577290-Greenville, SC - Greenville, SC, 296077291- North Charleston, SC - North Charleston, SC7501- Mt. Juliet, TN - Mount Juliet, TN, 371227503- Florence, KY - Florence, KY, 410427504 B- Louisville, KY - Louisville,, KY, 402167504- Louisville, KY - Louisville, KY, 402437505- Louisville, KY - Louisville, KY, 402437507- New Albany, IN - New Albany, IN, 471507508 - East Nashville, TN - Nashville, TN, 372077515 - Nashville Central, TN - Nashville, TN, 372037525- Maitland, FL - Maitland, FL7601- Birmingham, AL - Birmingham, AL, 352427602- Tuscaloosa, AL - Tuscaloosa, AL, 354067603- New Orleans, LA - New Orleans, LA, 701307605 - Mandeville, LA - Mandeville, LA, 704487606- Franklin, TN - Franklin, TN, 370677607 - Bossier City, LA - Bossier City, LA, 711117608-Hammond, LA - Hammond, LA, 704037609- Houma, LA - Houma, LA, 703647650- Huntsville, AL - Madison, AL, 357587651- Montgomery, AL - Montgomery, AL, 361177652- Auburn, AL - Auburn, AL, 368307653- Birmingham, AL - Birmingham, AL, 352427654- Dothan, AL - Dothan, AL, 363037656- Safety Harbor, FL - Safety Harbor, FL, 346957657- Orange Beach, AL - Orange Beach, AL, 365617658- Hinesville, GA - Hinesville, GA, 313137659- Columbus, GA - Columbus, GA, 319047661- Madison, AL - Madison, AL, 357587662- Panama City, FL - Panama City, FL, 324077663- Georgetown, TX - Georgetown, TX, 786287665- Kissimmee, FL - Kissimmee, FL, 347417666- Tampa, FL - Tampa, FL, 336077667 - Hartselle, AL - Hartselle, AL, 356407668 - Columbus, OH - Columbus, OH, 432357680-Melbourne, FL - Melbourne, FL, 329407681- Pensacola, FL - Pensacola, FL, 3250232507682- Grant, AL - Grant, AL, 357477683- Fort Walton Beach, FL - Fort Walton Beach, FL, 325477684- Memphis, TN - Memphis, TN, 381197684-Memphis, TN - Memphis, TN, 381197684-Memphis, TN - Memphis, TN, 381197685- Shreveport, LA - Shreveport, LA, 711067686- Destin, FL - Destin, FL, 325418009- Austin, TX - Round Rock, TX, 786819000- Corporate Offices (Houston) - Houston, TX, 77086Show Selected FiltersPosition TypeContractorFull TimeFull-Time/Part-TimeInternshipPart TimePer DiemSeasonalShow Selected FiltersCreate Your Job AlertCan't find what you are looking for? Upload your resume and Join Our Talent Community!chevron_leftCreate Your Job AlertThank you for setting up your job alert.You'll be the first to know when a job is posted.To review or manage Job Alerts, click Account SettingsWe created a profile for you based off your resume.To review or manage your Job Alerts, click Manage Profilechevron_leftTalent Community*Indicates Required FieldWe invite you to stay connected with us to learn about opportunities by joining our Talent Community below.Legal First Name*Legal Last Name*Email*PhoneAttach Resume*JoinCancelSuccess!Thank you for submitting your resume and joining our Talent Community!We created a profile for you based off your resume.To review or make any changes click Manage ProfileCan't find what you are looking for? Upload your resume andJoin Our Talent Community!Join Our Talent Community!Can't find what you are looking for? Upload your resume and Join Our Talent Community!Terms of Use | Paycom Privacy Policy | © 2021 Paycom | All Rights Reserved.This website uses cookies to customize and improve your experience. If you are a California resident, you may be entitled to certain rights regarding your personal information. Additional information about our data collection practices and location specific notices is available on our privacy policy.Accept Cookies"
