"Store Hourly Jobs in Woodstock at TARGETSkip Navigation Skip to Search Results Skip to Search FiltersTarget careers home pagework somewhere yousearch jobskeywordlocationradius radius 5 miles 15 miles 25 miles 35 miles 50 milessearch4 Store Hourly results found in WoodstockFiltered byWoodstock, Georgia, United StatesGuest Advocate (Cashier or Front of Store Attendant/ Cart Attendant) (T1780)140 Woodstock Square Ave Woodstock, GeorgiaSpecialty Sales (Style, Beauty or Tech) (T1780)140 Woodstock Square Ave Woodstock, GeorgiaGM and Food (General Merchandise, Closing, Fulfillment, Inbound, Food & Beverage, Starbucks) (T1780)140 Woodstock Square Ave Woodstock, GeorgiaSeasonal TSS Stores140 Woodstock Square Ave Woodstock, GeorgiaStore HourlyWhen people say they love Target, they're usually talking about visiting one of our stores. That positive and welcoming in-store experience is made possible by the teams that create amazing experiences for our guests every day.Filter Resultsjob areaInternships 1Store Hourly 4Store Leadership 1CountryUnited States 4State/RegionAlabama 84Alaska 10Arizona 167Arkansas 28California 1206Colorado 190Connecticut 73Delaware 41District of Columbia 15Florida 474Georgia 4Hawaii 44Idaho 19Illinois 338Indiana 125Iowa 91Kansas 64Kentucky 48Louisiana 55Maine 20Maryland 146Massachusetts 186Michigan 190Minnesota 342Mississippi 20Missouri 126Montana 26Nebraska 57Nevada 61New Hampshire 28New Jersey 189New Mexico 38New York 389North Carolina 194North Dakota 18Ohio 217Oklahoma 56Oregon 75Pennsylvania 259Rhode Island 13South Carolina 66South Dakota 18Tennessee 105Texas 562Utah 47Vermont 2Virginia 211Washington 143West Virginia 19Wisconsin 142Wyoming 10CityAberdeen 4Aberdeen 3Abilene 3Abingdon 3Abington 4Abington 4Acworth 5Addison 3Aiken 3Akron 3Alabaster 3Alameda 5Albany 4Albany 4Albany 3Albuquerque 20Alexandria 8Alexandria 3Alexandria 3Algonquin 4Alhambra 3Aliso Viejo 4Allen 8Allen Park 5Allentown 11Alpharetta 4Altamonte Springs 4Alton 3Altoona 6Altoona 3Amarillo 4American Fork 4Ames 4Amherst 4Amherst 3Amsterdam 5Anaheim 7Anchorage 6Anderson 3Andover 3Ankeny 7Ann Arbor 6Annapolis 4Ansonia 4Antioch 5Apex 4Apple Valley 9Apple Valley 8Appleton 8Arden 4Arlington 4Arlington 1Arlington Heights 5Arnold 4Arvada 5Asheville 3Athens 5Atlanta 26Atwater 4Auburn 4Auburn Hills 4Augusta 4Augusta 3Aurora 22Aurora 4Austell 5Austin 37Aventura 4Avon 4Avon 3Azusa 4Bakersfield 14Balcones Heights 3Baldwin Park 3Ballwin 3Baltimore 4Bangor 3Barboursville 3Batavia 4Batavia 3Baton Rouge 8Battle Creek 3Baxter 4Bay Shore 6Baytown 3Beaumont 5Beavercreek 4Beaverton 3Bedford 3Bee Cave 3Bel Air 3Belleville 3Bellevue 8Bellevue 4Bellingham 4Belton 3Bemidji 4Bend 4Bensalem 3Berkeley 4Bessemer 4Bethel 3Bethesda 1Bethlehem 3Biddeford 3Billings 8Birmingham 12Bismarck 4Blaine 5Bloomfield Hills 3Bloomington 5Bloomington 3Blue Ash 3Blue Springs 3Bluffton 4Boardman 3Boca Raton 3Boise 6Bolingbrook 4Bonney Lake 4Bossier City 3Boston 11Boulder 6Bourbonnais 4Bowie 8Bowling Green 3Boynton Beach 12Bozeman 4Bradenton 3Braintree 4Brandon 4Brandywine 3Branson 3Brea 5Brentwood 6Brentwood 3Brick Township 3Bridgeport 3Bridgeton 4Bridgewater 4Brighton 5Brighton 3Bristol 3Broadview 5Broken Arrow 3Brookfield 3Brooklyn 43Brooklyn Park 6Brooksville 3Brownsville 3Brunswick 5Bryan 3Bryant 3Buena Park 4Buffalo 5Buffalo 4Buford 3Bullhead City 3Burbank 10Burleson 5Burlington 6Burlington 3Burlington 3Burlington 1Burnsville 6Butler 3Caledonia 5California 4Camarillo 3Cambridge 6Cambridge 4Canoga Park 4Canton 7Canton 4Cape Coral 8Cape Girardeau 3Capitola 7Carlisle 3Carmel 8Carrollton 3Carson 6Carson City 3Cartersville 3Cary 8Casper 5Casselberry 3Castle Rock 4Cathedral City 3Cedar Falls 3Cedar Hill 4Cedar Park 5Cedar Rapids 9Centerville 3Central Islip 5Cerritos 6Chambersburg 3Champaign 5Champlin 4Chandler 6Chanhassen 4Chantilly 3Chapel Hill 1Charleston 6Charlotte 34Charlottesville 3Charter Township of Fort Gratiot 3Chaska 4Chattanooga 3Cheektowaga 3Cherry Hill 5Chesapeake 10Chester 3Chesterfield 7Chesterfield 3Cheyenne 5Chicago 65Chico 6Chino 9Christiansburg 3Chula Vista 9Cicero 3Cicero 3Cincinnati 19Citrus Heights 4City of Saint Peters 3Clackamas 4Clark 3Clarksville 5Clarksville 3Clear Lake Shores 3Clearwater 4Clermont 4Cleveland 11Cleveland 3Clifton 4Clifton Park 3Clinton Township 5Closter 4Clovis 6Cockeysville 4Coeur d'Alene 3College Park 3College Station 3Collierville 5Colma 8Colonial Heights 3Colonie 3Colorado Springs 18Columbia 10Columbia 4Columbia 3Columbus 15Columbus 4Columbus 4Commack 5Commerce 3Compton 3Concord 6Concord 4Conroe 3Conway 3Conyers 3Coon Rapids 8Copiague 7Coral Gables 1Coral Springs 8Coralville 5Corona 3Corpus Christi 3Costa Mesa 4Cottage Grove 4Council Bluffs 3Covington 3Cranberry Township 5Crestwood 5Crystal 4Crystal Lake 4Culpeper 3Culver City 7Cumming 3Cupertino 9Cuyahoga Falls 3Cypress 3Cypress 3D'Iberville 4Dallas 32Daly City 7Danvers 5Danville 3Daphne 3Dardenne Prairie 3Davenport 4Davenport 3Davie 5Davis 3Dayton 8Daytona Beach 5Dayville 3Dearborn 4Dearborn Heights 3Decatur 3Decatur 3Deerfield Beach 9DeKalb 3Delafield 4Delran Township 3Delray Beach 3Denton 5Denver 13Depew 6Deptford Township 4Derby 3Des Moines 9Destin 3Diamond Bar 2Dickinson 4Dickson City 3District Heights 4Dorchester 9Dothan 4Douglasville 3Dover 3Duarte 3Dublin 10Dublin 3Dubuque 5Duluth 4Duluth 3Dumfries 4Durham 10Eagan 4East Hanover 5East Lansing 1East Palo Alto 2East Peoria 3East Point 3East Windsor 3Easton 5Easton 3Eau Claire 5Eden Prairie 5Edgewater 5Edgewater 3Edina 7Edison 3Edmond 4Edwardsville 4El Cajon 8El Centro 3El Dorado Hills 3El Paso 15Elgin 3Elizabethtown 3Elk Grove 3Ellicott City 4Elmira 3Elmont 1Elyria 3Emeryville 7Encinitas 8Enfield 3Englewood 4Erie 4Escondido 7Estero 4Eugene 3Euless 4Eureka 4Evans 3Evanston 5Evansville 6Everett 3Everett 3Exton 7Fairfax 13Fairfield 5Fairfield 4Fairlawn 3Fairport 3Fairview 5Fairview Heights 3Fairview Park 3Falls Church 15Fargo 6Farmingdale 4Farmington 4Farmington Hills 4Fayetteville 4Fayetteville 4Fayetteville 3Fayetteville 3Federal Way 4Fenton 4Fenton 3Fishers 7Fitchburg 5Flagstaff 3Flint 3Florence 4Florence 3Florence 3Florissant 4Flower Mound 4Flowery Branch 3Flowood 3Folsom 3Fond du Lac 4Fontana 7Foothill Ranch 3Forest Lake 4Fort Collins 8Fort Dodge 5Fort Lauderdale 4Fort Myers 18Fort Smith 3Fort Wayne 12Fort Worth 22Fountain Hills 4Framingham 4Franklin 11Franklin 3Frederick 4Fredericksburg 10Freeport 2Fremont 13Fresno 16Fridley 9Frisco 11Front Royal 3Fullerton 11Fultondale 3Gainesville 5Gainesville 5Gainesville 4Gaithersburg 4Galesburg 3Galveston 3Gambrills 6Garden City 3Garden Grove 7Gardena 3Garland 4Garner 9Gastonia 5Georgetown 3Germantown 3Germantown 3Gibsonia 3Gig Harbor 3Gilbert 7Gilroy 4Glen Allen 6Glen Burnie 8Glen Mills 3Glendale 8Glendale 5Glendale 4Glendale Heights 4Glenview 3Glenwood Springs 3Goldsboro 4Goleta 3Goodyear 7Goshen 4Grafton 5Granada Hills 5Grand Forks 4Grand Junction 3Grand Prairie 7Grand Rapids 4Grand Rapids 3Grandville 3Granger 5Grapevine 3Great Falls 3Greeley 3Green Bay 7Greenacres City 3Greenbelt 6Greenland 3Greensboro 11Greensburg 3Greenville 3Greenville 3Greenwood 5Grove City 4Gulf Shores 4Gurnee 4Hackensack 4Hackettstown 4Haddon Township 2Hadley 4Hagerstown 3Hamilton 6Hammond 3Hampton 3Hanford 3Hanover 3Hanover 3Harker Heights 3Harlingen 3Harrisburg 6Harrisonburg 3Harvey 3Hattiesburg 3Haverhill 3Hawthorne 3Hayward 7Heath 3Helena 5Hemet 4Henderson 12Hendersonville 3Henrico 3Hesperia 4Hialeah 3Hickory 4Hicksville 6High Point 3Highland 4Highland Park 5Highlands Ranch 9Hilliard 8Hillsboro 6Hillside 5Hilo 5Hiram 5Hixson 3Hodgkins 3Hoffman Estates 3Holland 3Holland 3Hollister 3Holly Springs 3Hollywood 3Holyoke 4Homestead 5Homewood 5Homewood 4Honolulu 11Hooksett 3Horn Lake 3Houma 3Houston 53Howell 3Howell Township 3Huber Heights 3Hudson 5Humble 6Huntersville 4Huntington Beach 4Huntington Station 4Huntsville 10Huntsville 3Hurst 4Hutchinson 3Hyannis 4Hyattsville 4Idaho Falls 3Independence 4Indianapolis 23Inglewood 3Inver Grove Heights 3Iowa City 1Irvine 13Irving 8Issaquah 3Ithaca 3Jackson 4Jackson 3Jackson 3Jacksonville 27Jacksonville 3Jacksonville Beach 3Janesville 5Jefferson City 3Jersey City 8Johnson City 3Joliet 3Jonesboro 3Joplin 3Kahului 7Kailua 11Kailua-Kona 4Kalamazoo 3Kalispell 3Kansas City 27Kansas City 3Kapolei 6Katy 4Kearney 4Keene 3Keizer 3Kelso 3Kenner 4Kennesaw 3Kennewick 3Kent 4Kernersville 3King of Prussia 4Kingsport 3Kingston 3Kingston 3Kirkwood 3Kissimmee 8Knightdale 4Knoxville 16Kokomo 3Kyle 3La Cañada Flintridge 3La Habra 5La Jolla 1La Mesa 4La Plata 4La Quinta 3La Verne 3Lacey 3Lafayette 9Lafayette 5Lake Bluff 3Lake Charles 3Lake Elsinore 4Lake Geneva 3Lake Jackson 4Lake Mary 3Lake Park 4Lake Stevens 5Lake Worth 4Lake Worth 3Lake Zurich 3Lakeland 6Lakeville 5Lakewood 10Lakewood 5Lakewood 4Lancaster 6Lancaster 4Lancaster 3Lanesborough 5Langhorne 3Lansing 7Laredo 7Largo 3Las Cruces 4Las Vegas 36Latham 3Lathrop 3Laurel 4Lawndale 1Lawrence 3Lawrence 2Lawrenceville 4Lawton 5Layton 4Lee's Summit 4Leesburg 5Lemont 3Leominster 4Levittown 8Lewisville 8Lexington 9Lexington 3Lincoln 11Lincoln 5Lincoln 3Linden 3Lino Lakes 5Lisbon 3Lititz 5Little Rock 7Littleton 5Livermore 5Liverpool 3Livonia 10Lodi 5Lombard 3Lone Tree 6Long Beach 8Longmont 4Longview 3Los Angeles 48Los Banos 3Louisville 21Loveland 3Lowell 4Lubbock 6Lufkin 3Lutz 5Lynchburg 4Lynnwood 3Machesney Park 5Macomb 3Madison 11Madison 5Madison 3Madison Heights 5Magnolia 4Malvern 3Manahawkin 4Manalapan 5Manassas 4Manchester 3Manhattan 4Manhattan Beach 7Mankato 3Mansfield 5Mansfield 3Manteca 4Maple Grove 6Marietta 11Marina 8Marion 3Marlborough 6Marlton 5Marquette 3Marshfield 3Martinsburg 3Mary Esther 4Marysville 4Maryville 3Mason City 4Massillon 3Matthews 3Mayfield Heights 3Mays Landing 3McAllen 10McDonough 4McKinney 10Mechanicsburg 5Mechanicsville 3Medford 4Medford 3Medford 2Medina 5Medina 4Melbourne 9Melbourne Village 3Melrose Park 3Memphis 9Menifee 8Menomonee Falls 5Mentor 3Merced 3Meriden 4Merrillville 3Merritt Island 3Mesa 20Mesquite 5Metairie 4Methuen 3Miami 34Miami Beach 2Miami Gardens 3Middle River 5Middletown 5Middletown 4Midland 3Midland 3Midlothian 8Midwest City 3Milford 4Milford 3Milford 3Millbury 6Milltown 4Millville 3Milton 4Milwaukee 5Minneapolis 27Minnetonka 12Minot 4Mira Loma 4Miramar 5Mission 4Mission 3Mission Hills 3Mission Viejo 9Missoula 3Missouri City 4Mobile 7Modesto 8Moline 3Monaca 3Monmouth Junction 3Monroe 4Monroe 3Monroe 3Monroeville 4Montclair 3Montgomery 3Monticello 5Montrose 4Moore 3Mooresville 6Moorhead 4Moorpark 4Moreno Valley 4Morgan Hill 8Morgantown 3Morrisville 6Mount Juliet 3Mount Kisco 6Mount Laurel 6Mount Pleasant 4Mount Vernon 6Mountain View 4Mt. Dora 4Mt. Pleasant 3Muncie 3Muncy 3Mundelein 7Munster 3Murfreesboro 3Murrieta 9Muskegon 4Myrtle Beach 6Nampa 4Napa 10Naperville 4Naples 7Nashua 6Nashville 10National City 3New Albany 3New Berlin 3New Bern 6New Braunfels 4New Britain 4New Hartford 4New Lenox 5New York 41Newark 10Newburgh 5Newington 3Newnan 3Newport 5Newport News 6Niagara Falls 3Niles 8Niles 3Norco 3Norfolk 4Norfolk 3Normal 3Norman 5Norridge 4North Attleboro 3North Aurora 3North Bergen 4North Brunswick 3North Canton 3North Charleston 4North Dartmouth 5North Haven 3North Hollywood 5North Huntingdon Township 3North Las Vegas 3North Little Rock 3North Miami Beach 4North Olmsted 4North Richland Hills 5North Saint Paul 5North Wales 3Northfield 4Northfield 3Northridge 7Norwalk 6Nottingham 4Novato 5Novi 4O'Fallon 3Oak Creek 4Oak Lawn 5Oak Park 1Oakdale 4Oakland 1Ocala 3Ocean Township 3Oceanside 6Odessa 3Okemos 3Oklahoma City 13Olathe 11Olive Branch 3Olympia 4Omaha 26Onalaska 4Ontario 4Opelika 3Orange 6Orange 4Orange City 4Orange Park 3Orchard Park 5Orem 4Orland Park 3Orlando 24Oro Valley 3Osage Beach 3Oshkosh 5Oswego 3Otsego 7Overland Park 11Oviedo 4Owasso 3Owatonna 4Owensboro 3Owings Mills 3Oxford 4Oxnard 5Oxon Hill 1Pace 4Pacoima 3Palatine 3Palm Coast 4Palm Desert 4Palm Harbor 3Palmdale 7Panama City 4Panama City Beach 3Papillion 6Paramus 4Parker 5Parma 3Parsippany 2Pasadena 8Pasadena 5Paso Robles 3Peachtree City 4Peachtree Corners 3Pearland 3Pembroke Pines 4Pensacola 11Peoria 9Peoria 3Peru 3Petaluma 6Pflugerville 4Philadelphia 31Phillipsburg 3Phoenix 36Phoenixville 3Pico Rivera 4Pikesville 3Pinellas Park 3Pinole 4Pittsburg 3Pittsburgh 31Placerville 1Plainfield 4Plainfield 3Plainville 7Plano 9Plantation 3Plattsburgh 3Pleasant Hill 6Pleasant Prairie 6Plymouth 7Plymouth Meeting 3Pomona 4Port Arthur 4Port Charlotte 3Port Orange 4Port Saint Lucie 3Port Washington 1Portage 4Porterville 3Portland 21Pottstown 3Poughkeepsie 5Poway 4Powell 4Prattville 4Prescott 3Princeton 8Provo 2Pueblo 3Puyallup 8Quakertown 3Queen Creek 4Queens 23Queensbury 3Racine 5Raleigh 17Rancho Cordova 3Rancho Cucamonga 6Rancho Santa Margarita 5Rapid City 4Reading 3Red Wing 3Redding 4Redlands 5Redmond 3Redondo Beach 6Redwood City 9Reno 4Rensselaer 4Renton 5Reston 4Revere 4Reynoldsburg 7Richardson 4Richfield 7Richland 3Richmond 14Richmond 3Richmond 3Rio Rancho 3Riverbank 3Riverdale 5Riverdale 3Riverhead 3Riverside 9Riverview 6Roanoke 3Rochester 15Rochester 10Rochester Hills 3Rock Hill 4Rockaway 4Rockford 4Rocklin 3Rockville 4Rockwall 4Rocky Mount 3Rogers 4Rogers 3Rohnert Park 4Rolling Hills Estates 1Rosemead 5Rosemont 3Rosenberg 4Roseville 7Roseville 5Roslindale 3Rossford 5Rosslyn 2Roswell 4Roswell 3Round Rock 3Rowland Heights 4Rowlett 5Royersford 3Sacramento 24Saginaw 3Saint Augustine 4Saint Charles 4Saint Charles 4Saint Cloud 8Saint George 3Saint John 4Saint Joseph 3Saint Louis Park 10Saint Paul 15Salem 4Salem 4Salem 3Salina 4Salinas 7Salisbury 3Salt Lake City 9San Angelo 3San Antonio 41San Bernardino 4San Bruno 8San Clemente 3San Diego 41San Dimas 5San Francisco 19San Jose 54San Juan Capistrano 3San Leandro 3San Luis Obispo 5San Marcos 5San Mateo 11San Pedro 4San Rafael 5San Ramon 3Sand City 6Sandusky 3Sandy City 4Sandy Springs 3Sanford 5Santa Ana 11Santa Barbara 1Santa Clara 6Santa Clarita 3Santa Fe 4Santa Fe Springs 2Santa Maria 6Santa Monica 2Santa Rosa 14Santee 3Sarasota 14Saratoga Springs 5Saugus 3Sausalito 3Savage 4Savannah 11Sayville 5Schaumburg 7Schenectady 9Schofield 4Scottsbluff 3Scottsdale 13Seal Beach 4Seattle 19Seekonk 3Selden 1Selinsgrove 3Selma 4Sewell 3Shakopee 4Shawnee 4Sheboygan Falls 3Shelby Township 8Sheridan 4Sherman 3Sherwood 3Shiloh 3Shoreview 7Shorewood 5Shreveport 6Sicklerville 4Sierra Vista 3Signal Hill 4Silver Spring 7Silverdale 3Silverthorne 5Simi Valley 8Simpsonville 3Sioux City 3Sioux Falls 6Skokie 1Smithfield 3Smyrna 5Smyrna 3Snellville 3Somersworth 3Somerville 5South Bend 3South Burlington 2South Charleston 4South Easton 3South Elgin 4South Gate 3South Jordan 3South Lebanon 3South Plainfield 4South Portland 7South Setauket 5Southfield 4Southington 4Sparks 3Spartanburg 3Spokane 9Spring 6Spring Hill 7Spring Hill 3Spring Valley 6Spring Valley 2Springdale 4Springfield 8Springfield 4Springfield 3Springfield 3Springfield 3St Louis 7St. Petersburg 6Stafford 3Stamford 4State College 7Staten Island 10Sterling 8Sterling Heights 3Stevens Point 3Stillwater 5Stockton 8Stoneham 1Stoughton 4Stow 3Streamwood 4Streetsboro 3Strongsville 3Stroudsburg 3Stuart 6Sturgeon Bay 4Sugar Land 5Summerville 4Sun Prairie 3Sunnyvale 4Sunrise 4Superior 6Surprise 3Suwanee 4Swansea 3Syracuse 3Tacoma 3Tallahassee 9Tampa 21Taunton 3Taylor 3Taylors 4Taylorsville 1Temecula 4Tempe 6Temple 3Temple 3Texarkana 3The Bronx 18The Villages 3The Woodlands 3Thornton 9Thousand Oaks 4Tigard 3Tinley Park 7Titusville 3Toledo 6Tolleson 3Tomball 3Toms River 3Topeka 3Topsham 3Torrance 5Torrington 3Towson 3Tracy 4Traverse City 4Triadelphia 3Trinity 3Troy 5Trumbull 7Tucker 3Tucson 23Tukwila 5Tulare 4Tulsa 14Turlock 4Turnersville 8Tuscaloosa 4Tustin 4Twin Falls 3Tyler 3Union 4Uniontown 3University Heights 3Upland 4Upper Marlboro 5Urbandale 7Vacaville 3Vadnais Heights 3Valdosta 3Valencia 5Vallejo 3Valley Stream 5Valparaiso 3Van Nuys 10Vancouver 9Vauxhall 4Venice 3Ventura 7Vernon Hills 4Vero Beach 3Vestal 5Victor 4Victoria 3Villa Park 4Virginia 4Virginia Beach 13Visalia 6Vista 6Voorhees Township 3Waco 3Waconia 5Wadsworth 3Wake Forest 6Waldorf 3Walker 4Walled Lake 3Walnut Creek 7Wareham 3Warner Robins 3Warren 3Warrenville 4Warrington 4Warwick 7Washington 4Washington 3Washington D.C. 15Wasilla 4Watauga 5Watchung 4Waterbury 4Waterford 5Waterloo 4Watertown 8Watertown 4Watertown 3Watsonville 6Waukegan 3Waukesha 7Wauwatosa 4Waxahachie 3Wayne 1Waynesboro 3Weatherford 3Webster 3Webster 3Wenatchee 3Wentzville 3Wesley Chapel 4Wesley Chapel 4West Allis 3West Burlington 3West Chester 3West Covina 9West Des Moines 9West Hartford 1West Hills 4West Hollywood 4West Jordan 3West Lafayette 1West Mifflin 3West Milwaukee 3West Nyack 5West Palm Beach 9West Sacramento 3West Saint Paul 6West Valley City 4Westborough 6Westbury 7Westerville 3Westlake Village 5Westland 4Westminster 10Westminster 7Westminster 4Westwood 5Wheat Ridge 4Wheaton 3Wheeling 3White Plains 4Whitehall 3Whittier 5Wichita 11Wichita Falls 4Wilkes-Barre Township 6Williamsburg 6Williamsville 3Willmar 3Willoughby 3Willowbrook 3Wilmington 28Wilmington 6Wilmington 4Wilson 3Wilsonville 6Winchester 6Windsor 4Winona 3Winston-Salem 6Winter Garden 5Winter Park 3Woburn 4Wood Dale 3Woodbridge 3Woodbury 12Woodhaven 3Woodinville 4Woodland 3Woodland Hills 5Woodridge 3Woodstock 4Worcester 4Wylie 6Wyncote 4Wyoming 3Wyomissing 3Yakima 3York 8Yorkville 5Ypsilanti 3Yuba City 4Yukon 3Yulee 3Yuma 3DivisionsTARGET 4CampaignStore Hourly - Food;Store Hourly - Logistics 1Store Hourly - Front End 1Store Hourly - Sales Floor 1Store Hourly - Security & Loss Prevention 1Address140 Woodstock Square Ave, Woodstock, Georgia, 30189-6500 4Compensation TypeHourly 4ScheduleVariable 4already started an application?log in to continuestill have some questions?check out the careers FAQcultureWhat’s it like to work here? We’re asked that a lot. Target respects and values the individuality of all team members and guests—and we have lots of fun in all that we do.experience our cultureget email updatesGet the latest job openings right in your inbox. View privacy statement.emailareas of interest Select a job category from the list of options. Search for a location and select one from the list of suggestions. Finally, click “Add” to create your job alert.Job Category Select a Job CategoryAdministrative SupportAssets Protection and Corporate SecurityBusiness OperationsCall Centers and Financial Retail ServicesDistribution Center HourlyDistribution Center LeadershipFinance and AccountingFood and BeverageGlobal Supply Chain and LogisticsHuman ResourcesInternshipsLearning & DevelopmentLegal Affairs, Risk and ComplianceMarketing, Media and CommunicationsMerchandising and Global SourcingProduct Design and DevelopmentReal Estate, Design and Property ManagementStore HourlyStore Hourly LeadershipStore LeadershipStrategy and InnovationTechnology and Data SciencesLocationadd+Store Hourly, WoodstockRemoveRemoveConfirm EmailInside TargetA Bullseye Viewget a look behind the scenes at TargetPulse blogour teams, our stories, our careerscompanyabout Targetinvestorspresscareerscorporate responsibilitynews & featuresTarget.comfind a storecontact ussitemapFacebookTwitterLinkedInPinterestYouTubeInstagramRSSprivacy policy privacy updated 1/20Interest Based Adsterms & conditionsCA privacyteam member servicesdo not sell my info – CA residents only©2021 Target Brands, Inc. Target, the Bullseye Design and Bullseye Dog are trademarks of Target Brands, Inc."
