"Work somewhere you love. Search jobs in Northfield at TARGETSkip Navigation Skip to Search Results Skip to Search FiltersTarget careers home pagework somewhere yousearch jobskeywordlocationradius radius 5 miles 15 miles 25 miles 35 miles 50 milessearch4 results found in NorthfieldFiltered byVisual Merchandiser8282 Golden Link Blvd Northfield, OhioGuest Advocate (Cashier or Front of Store Attendant/ Cart Attendant) (T1841)8282 Golden Link Blvd Northfield, OhioSpecialty Sales (Style, Beauty or Tech) (T1841)8282 Golden Link Blvd Northfield, OhioGM and Food (General Merchandise, Closing, Fulfillment, Inbound, Food & Beverage, Starbucks) (T1841)8282 Golden Link Blvd Northfield, OhioFilter Resultsjob areaStore Hourly 4CountryIndia 55United States 4State/RegionAlabama 91Alaska 12Arizona 184Arkansas 34California 1326Colorado 208Connecticut 81Delaware 42District of Columbia 16Florida 494Georgia 209Hawaii 52Idaho 26Illinois 372Indiana 139Iowa 103Kansas 85Karnataka 55Kentucky 51Louisiana 61Maine 19Maryland 151Massachusetts 196Michigan 198Minnesota 505Mississippi 21Missouri 142Montana 29Nebraska 64Nevada 66New Hampshire 30New Jersey 225New Mexico 41New York 426North Carolina 212North Dakota 19Ohio 4Oklahoma 63Oregon 85Pennsylvania 295Rhode Island 15South Carolina 78South Dakota 21Tennessee 113Texas 586Utah 48Vermont 2Virginia 226Washington 160West Virginia 24Wisconsin 157Wyoming 11CityAberdeen 5Aberdeen 4Abilene 3Abingdon 4Abington 5Abington 5Acworth 6Addison 3Aiken 4Akron 5Alabaster 3Alameda 5Albany 10Albany 5Albany 3Albuquerque 22Alexandria 11Alexandria 6Alexandria 3Algonquin 4Alhambra 4Aliso Viejo 6Allen 10Allen Park 5Allentown 13Alpharetta 8Altamonte Springs 6Alton 4Altoona 6Altoona 3Amarillo 4American Fork 4Ames 4Amherst 5Amherst 4Amsterdam 11Anaheim 10Anchorage 8Anderson 4Andover 3Ankeny 7Ann Arbor 5Annapolis 5Ansonia 4Antioch 5Apex 4Apple Valley 11Apple Valley 11Appleton 9Arden 6Arlington 4Arlington 1Arlington Heights 5Arnold 4Arvada 6Asheville 4Athens 7Atlanta 30Atwater 5Auburn 4Auburn Hills 4Augusta 3Augusta 3Aurora 26Aurora 4Austell 6Austin 43Aventura 9Avon 5Avon 3Azusa 7Bakersfield 19Balcones Heights 3Baldwin Park 5Ballwin 4Baltimore 5Bangor 5Barboursville 3Batavia 4Batavia 4Baton Rouge 12Battle Creek 4Baxter 6Bay Shore 7Baytown 3Beaumont 5Beavercreek 5Beaverton 3Bedford 4Bee Cave 4Bel Air 4Belleville 4Bellevue 11Bellevue 5Bellingham 7Belton 4Bemidji 4Bend 5Bengaluru 55Bensalem 4Berkeley 4Bessemer 4Bethel 4Bethesda 1Bethlehem 5Biddeford 3Billings 8Birmingham 12Bismarck 4Blaine 6Bloomfield Hills 4Bloomington 5Bloomington 3Blue Ash 3Blue Springs 4Bluffton 4Boardman 3Boca Raton 6Boise 8Bolingbrook 3Bonney Lake 7Bossier City 4Boston 13Boulder 9Bourbonnais 4Bowie 9Bowling Green 3Boynton Beach 15Bozeman 4Bradenton 3Braintree 6Brandon 7Brandywine 5Branson 4Brea 7Brentwood 7Brentwood 4Brick Township 4Bridgeport 3Bridgeton 6Bridgewater 3Brighton 5Brighton 3Bristol 3Broadview 5Broken Arrow 3Brookfield 4Brooklyn 45Brooklyn Park 31Brooksville 3Brownsville 5Brunswick 5Bryan 6Bryant 4Buena Park 6Buffalo 6Buffalo 6Buford 5Bullhead City 3Burbank 11Burleson 7Burlington 11Burlington 6Burlington 5Burlington 2Burnsville 8Butler 6Caledonia 3California 5Camarillo 4Cambridge 6Cambridge 5Canoga Park 6Canton 8Canton 5Cape Coral 8Cape Girardeau 4Capitola 6Carlisle 4Carmel 11Carrollton 4Carson 9Carson City 3Cartersville 4Cary 8Casper 5Casselberry 3Castle Rock 5Cathedral City 4Cedar Falls 13Cedar Hill 5Cedar Park 7Cedar Rapids 9Centerville 4Central Islip 5Cerritos 8Chambersburg 11Champaign 5Champlin 4Chandler 8Chanhassen 4Chantilly 4Chapel Hill 1Charleston 7Charlotte 35Charlottesville 5Charter Township of Fort Gratiot 3Chaska 4Chattanooga 4Cheektowaga 6Cherry Hill 6Chesapeake 10Chester 4Chesterfield 8Chesterfield 4Cheyenne 6Chicago 74Chico 6Chino 10Christiansburg 4Chula Vista 12Cicero 4Cicero 3Cincinnati 19Citrus Heights 5City of Saint Peters 3Clackamas 7Clark 3Clarksville 4Clarksville 4Clear Lake Shores 3Clearwater 7Clermont 4Cleveland 11Cleveland 4Clifton 4Clifton Park 3Clinton Township 5Closter 3Clovis 6Cockeysville 5Coeur d'Alene 4College Park 2College Station 5Collierville 6Colma 7Colonial Heights 4Colonie 4Colorado Springs 19Columbia 10Columbia 4Columbia 4Columbus 16Columbus 4Columbus 4Commack 5Commerce 4Compton 6Concord 7Concord 5Conroe 3Conway 4Conyers 4Coon Rapids 10Copiague 7Coral Gables 2Coral Springs 11Coralville 5Corona 5Corpus Christi 5Costa Mesa 6Cottage Grove 3Council Bluffs 3Covington 5Cranberry Township 6Crestwood 4Crystal 5Crystal Lake 4Culpeper 4Culver City 9Cumming 6Cupertino 10Cuyahoga Falls 5Cypress 5Cypress 5D'Iberville 4Dallas 32Daly City 8Danvers 7Danville 4Daphne 4Dardenne Prairie 3Davenport 6Davenport 4Davie 5Davis 3Dayton 9Daytona Beach 7Dayville 3Dearborn 4Dearborn Heights 4Decatur 5Decatur 4Deerfield Beach 13DeKalb 9Delafield 5Delran Township 5Delray Beach 6Denton 10Denver 14Depew 7Deptford Township 6Derby 4Des Moines 9Destin 3Diamond Bar 3Dickinson 6Dickson City 4District Heights 7Dorchester 11Dothan 4Douglasville 5Dover 4Duarte 5Dublin 10Dublin 5Dubuque 5Duluth 5Duluth 4Dumfries 5Durham 10Eagan 5East Hanover 4East Lansing 1East Palo Alto 2East Peoria 4East Point 7East Windsor 3Easton 6Easton 4Eau Claire 6Eden Prairie 8Edgewater 9Edgewater 6Edina 9Edison 4Edmond 6Edwardsville 4El Cajon 10El Centro 6El Dorado Hills 3El Paso 16Elgin 3Elizabethtown 3Elk Grove 4Ellicott City 4Elmira 3Elmont 1Elyria 3Emeryville 8Encinitas 12Enfield 3Englewood 5Erie 4Escondido 9Estero 4Eugene 3Euless 4Eureka 8Evans 3Evanston 5Evansville 6Everett 6Everett 6Exton 9Fairfax 14Fairfield 6Fairfield 4Fairlawn 3Fairport 4Fairview 8Fairview Heights 4Fairview Park 4Falls Church 15Fargo 7Farmingdale 5Farmington 5Farmington Hills 4Fayetteville 7Fayetteville 6Fayetteville 4Fayetteville 3Federal Way 7Fenton 4Fenton 4Fishers 9Fitchburg 5Flagstaff 4Flint 3Florence 5Florence 4Florence 4Florissant 4Flower Mound 6Flowery Branch 4Flowood 3Folsom 3Fond du Lac 4Fontana 12Foothill Ranch 6Forest Lake 4Fort Collins 11Fort Dodge 5Fort Lauderdale 8Fort Myers 21Fort Smith 4Fort Wayne 12Fort Worth 24Fountain Hills 6Framingham 6Franklin 11Franklin 3Frederick 5Fredericksburg 11Freeport 2Fremont 13Fresno 17Fridley 16Frisco 14Front Royal 4Fullerton 12Fultondale 3Gainesville 8Gainesville 6Gainesville 5Gaithersburg 5Galesburg 3Galesburg 3Galveston 5Gambrills 6Garden City 3Garden Grove 9Gardena 4Garland 4Garner 9Gastonia 6Georgetown 5Germantown 4Germantown 4Gibsonia 5Gig Harbor 5Gilbert 9Gilroy 4Glen Allen 7Glen Burnie 10Glen Mills 4Glendale 10Glendale 5Glendale 4Glendale Heights 4Glenview 3Glenwood Springs 3Goldsboro 5Goleta 4Goodyear 12Goshen 4Grafton 5Granada Hills 5Grand Forks 4Grand Junction 4Grand Prairie 9Grand Rapids 4Grand Rapids 3Grandville 3Granger 6Grapevine 5Great Falls 4Greeley 5Green Bay 11Greenacres City 4Greenbelt 7Greenland 3Greensboro 13Greensburg 4Greenville 5Greenville 4Greenwood 6Grove City 4Gulf Shores 5Gurnee 4Hackensack 4Hackettstown 4Haddon Township 3Hadley 4Hagerstown 4Hamilton 6Hammond 3Hampton 3Hanford 3Hanover 4Hanover 3Harker Heights 3Harlingen 3Harrisburg 8Harrisonburg 4Harvey 5Hattiesburg 3Haverhill 3Hawthorne 3Hayward 9Heath 3Helena 6Hemet 4Henderson 13Hendersonville 5Henrico 4Hesperia 5Hialeah 7Hickory 5Hicksville 6High Point 4Highland 5Highland Park 6Highlands Ranch 10Hilliard 10Hillsboro 8Hillside 5Hilo 6Hiram 7Hixson 4Hodgkins 3Hoffman Estates 3Holland 4Holland 3Hollister 3Holly Springs 8Hollywood 6Holyoke 4Homestead 5Homewood 5Homewood 4Honolulu 15Hooksett 5Horn Lake 4Houma 5Houston 57Howell 3Howell Township 3Huber Heights 3Hudson 5Humble 8Huntersville 5Huntington Beach 8Huntington Station 5Huntsville 10Huntsville 3Hurst 4Hutchinson 3Hyannis 4Hyattsville 5Idaho Falls 4Independence 5Indianapolis 33Inglewood 3Inver Grove Heights 3Iowa City 1Irvine 14Irving 8Issaquah 6Ithaca 4Jackson 4Jackson 3Jackson 3Jacksonville 29Jacksonville 4Jacksonville Beach 3Janesville 5Jefferson City 4Jersey City 12Johnson City 3Joliet 7Jonesboro 3Joplin 4Kahului 10Kailua 12Kailua-Kona 5Kalamazoo 3Kalispell 4Kansas City 30Kansas City 4Kapolei 8Katy 6Kearney 5Keene 4Keizer 6Kelso 4Kenner 6Kennesaw 6Kennewick 5Kent 8Kernersville 4King of Prussia 8Kingsport 3Kingston 5Kingston 4Kirkwood 3Kissimmee 9Knightdale 6Knoxville 16Kokomo 3Kyle 4La Cañada Flintridge 3La Habra 7La Jolla 1La Mesa 6La Plata 5La Quinta 6La Verne 3Lacey 8Lafayette 13Lafayette 5Lake Bluff 3Lake Charles 3Lake City 5Lake Elsinore 5Lake Geneva 3Lake Jackson 4Lake Mary 3Lake Park 4Lake Stevens 8Lake Worth 5Lake Worth 5Lake Zurich 4Lakeland 9Lakeville 7Lakewood 12Lakewood 8Lakewood 5Lancaster 8Lancaster 4Lancaster 3Lanesborough 5Langhorne 4Lansing 7Laredo 9Largo 6Las Cruces 4Las Vegas 40Latham 4Lathrop 3Laurel 5Lawndale 1Lawrence 3Lawrence 3Lawrenceville 4Lawton 6Layton 5Lee's Summit 4Leesburg 6Lemont 3Leominster 7Levittown 8Lewisville 10Lexington 10Lexington 5Lincoln 12Lincoln 5Lincoln 5Linden 3Lino Lakes 6Lisbon 3Lititz 6Little Rock 8Littleton 6Livermore 5Liverpool 4Livonia 13Lodi 5Logan Township 12Lombard 3Lone Tree 6Long Beach 11Longmont 5Longview 3Los Angeles 49Los Banos 3Louisville 22Loveland 3Lowell 5Lubbock 8Lufkin 4Lugoff 5Lutz 5Lynchburg 5Lynnwood 8Machesney Park 5Macomb 3Madison 14Madison 10Madison 6Madison Heights 5Magnolia 4Malvern 4Manahawkin 5Manalapan 5Manassas 5Manchester 4Manhattan 5Manhattan Beach 8Mankato 3Mansfield 7Mansfield 3Manteca 4Maple Grove 8Marietta 13Marina 9Marion 4Marlborough 7Marlton 6Marquette 3Marshfield 3Martinsburg 4Mary Esther 7Marysville 7Maryville 3Mason City 5Massillon 3Matthews 5Mayfield Heights 4Mays Landing 7McAllen 12McDonough 7McKinney 13Mechanicsburg 6Mechanicsville 4Medford 5Medford 3Medford 2Medina 6Medina 5Melbourne 9Melbourne Village 6Melrose Park 3Memphis 10Menifee 7Menomonee Falls 6Mentor 4Merced 3Meriden 5Merrillville 4Merritt Island 3Mesa 22Mesquite 5Metairie 6Methuen 3Miami 40Miami Beach 3Miami Gardens 6Middle River 6Middletown 5Middletown 5Midland 3Midland 3Midlothian 9Midlothian 3Midway 3Midwest City 4Milford 7Milford 5Milford 3Mililani Town 1Millbury 8Milltown 4Millville 5Milton 6Milwaukee 8Minneapolis 143Minnetonka 10Minot 4Mira Loma 4Miramar 5Mission 6Mission 4Mission Hills 3Mission Viejo 10Missoula 3Missouri City 4Mobile 8Modesto 9Moline 3Monaca 3Monmouth Junction 3Monroe 5Monroe 4Monroe 3Monroeville 4Montclair 6Montgomery 3Monticello 6Montrose 5Moore 4Mooresville 7Moorhead 4Moorpark 4Moreno Valley 4Morgan Hill 10Morgantown 5Morrisville 6Mount Juliet 4Mount Kisco 6Mount Laurel 7Mount Pleasant 5Mount Vernon 7Mountain View 6Mt. Dora 7Mt. Pleasant 3Muncie 3Muncy 4Mundelein 7Munster 4Murfreesboro 4Murrieta 10Muskegon 4Myrtle Beach 7Nampa 6Napa 10Naperville 6Naples 10Nashua 8Nashville 14National City 5New Albany 3New Berlin 4New Bern 6New Braunfels 7New Britain 4New Hartford 4New Lenox 5New York 45Newark 11Newburgh 6Newington 3Newnan 6Newport 5Newport News 6Newton 6Niagara Falls 4Niles 8Niles 3Norco 3Norfolk 5Norfolk 4Normal 4Norman 6Norridge 4North Attleboro 5North Aurora 3North Bergen 6North Brunswick 4North Canton 4North Charleston 5North Dartmouth 6North Haven 3North Hollywood 7North Huntingdon Township 6North Las Vegas 5North Little Rock 4North Miami Beach 7North Olmsted 5North Richland Hills 7North Saint Paul 5North Wales 5Northfield 4Northfield 4Northridge 9Norwalk 8Nottingham 6Novato 4Novi 4O'Fallon 3Oak Creek 4Oak Lawn 5Oak Park 1Oakdale 6Oakland 1Ocala 6Ocean Township 5Oceanside 7Oconomowoc 7Odessa 3Okemos 3Oklahoma City 15Olathe 14Olive Branch 4Olympia 5Omaha 27Onalaska 4Ontario 8Opelika 3Orange 7Orange 4Orange City 4Orange Park 3Orchard Park 5Orem 4Orland Park 5Orlando 27Oro Valley 4Osage Beach 4Oshkosh 5Oswego 3Otsego 7Overland Park 13Oviedo 5Owasso 3Owatonna 4Owensboro 3Owings Mills 4Oxford 4Oxnard 5Oxon Hill 1Pace 4Pacoima 6Palatine 4Palm Coast 8Palm Desert 5Palm Harbor 3Palmdale 10Panama City 7Panama City Beach 3Papillion 7Paramus 4Parker 6Parma 4Parsippany 2Pasadena 11Pasadena 5Paso Robles 5Peachtree City 6Peachtree Corners 5Pearland 5Pembroke Pines 4Pensacola 14Peoria 11Peoria 4Perth Amboy 9Peru 4Petaluma 5Pflugerville 5Philadelphia 37Phillipsburg 4Phoenix 42Phoenixville 4Pico Rivera 5Pikesville 4Pinellas Park 3Pinole 4Pittsburg 4Pittsburgh 35Placerville 1Plainfield 4Plainfield 3Plainville 8Plano 12Plantation 3Plattsburgh 3Pleasant Hill 6Pleasant Prairie 6Plymouth 7Plymouth Meeting 4Pomona 5Port Arthur 4Port Charlotte 3Port Orange 4Port Saint Lucie 6Port Washington 1Port Wentworth 1Portage 4Porterville 3Portland 27Pottstown 4Poughkeepsie 7Poway 7Powell 4Prattville 5Prescott 4Princeton 9Provo 2Pueblo 5Puyallup 11Quakertown 4Queen Creek 6Queens 22Queensbury 3Racine 5Raleigh 18Rancho Cordova 3Rancho Cucamonga 8Rancho Santa Margarita 7Rapid City 4Reading 4Red Wing 3Redding 4Redlands 7Redmond 6Redondo Beach 6Redwood City 9Reno 5Rensselaer 4Renton 7Reston 5Revere 6Reynoldsburg 8Rialto 12Richardson 6Richfield 9Richland 4Richmond 15Richmond 3Richmond 3Rio Rancho 4Riverbank 3Riverdale 6Riverdale 3Riverhead 4Riverside 11Riverview 5Roanoke 4Rochester 15Rochester 11Rochester Hills 4Rock Hill 5Rockaway 5Rockford 5Rocklin 4Rockville 5Rockwall 6Rocky Mount 4Rogers 6Rogers 4Rohnert Park 6Rolling Hills Estates 1Rosemead 7Rosemont 5Rosenberg 4Roseville 8Roseville 6Roslindale 3Rossford 5Rosslyn 2Roswell 5Roswell 3Round Rock 5Rowland Heights 7Rowlett 6Royersford 4Sacramento 28Saginaw 3Saint Augustine 4Saint Charles 4Saint Charles 4Saint Cloud 10Saint George 3Saint John 5Saint Joseph 4Saint Louis Park 12Saint Paul 19Salem 7Salem 5Salem 4Salina 5Salinas 7Salisbury 4Salt Lake City 10San Angelo 3San Antonio 44San Bernardino 5San Bruno 8San Clemente 8San Diego 44San Dimas 5San Francisco 25San Jose 63San Juan Capistrano 3San Leandro 4San Luis Obispo 6San Marcos 7San Mateo 10San Pedro 6San Rafael 5San Ramon 3Sand City 7Sandusky 3Sandy City 4Sandy Springs 4Sanford 8Santa Ana 13Santa Barbara 2Santa Clara 6Santa Clarita 5Santa Fe 4Santa Fe Springs 4Santa Maria 5Santa Monica 3Santa Rosa 15Santee 6Sarasota 15Saratoga Springs 4Saugus 5Sausalito 3Savage 5Savannah 12Sayville 6Schaumburg 9Schenectady 8Schofield 4Scottsbluff 4Scottsdale 16Seal Beach 7Seattle 24Seekonk 5Selden 1Selinsgrove 4Selma 4Sewell 4Shafter 6Shakopee 4Shawnee 4Sheboygan Falls 3Shelby Township 9Sheridan 5Sherman 3Sherwood 5Shiloh 3Shoreview 9Shorewood 5Shreveport 6Sicklerville 5Sierra Vista 4Signal Hill 7Silver Spring 9Silverdale 5Silverthorne 8Simi Valley 12Simpsonville 4Sioux City 4Sioux Falls 7Skokie 3Smithfield 4Smyrna 6Smyrna 6Snellville 4Somersworth 3Somerville 7South Bend 3South Burlington 2South Charleston 5South Easton 5South Elgin 4South Gate 5South Jordan 4South Lebanon 3South Plainfield 5South Portland 7South Setauket 6Southfield 7Southington 5Sparks 3Spartanburg 6Spokane 11Spring 6Spring Hill 8Spring Hill 3Spring Valley 8Spring Valley 2Springdale 4Springfield 9Springfield 5Springfield 3Springfield 3Springfield 3St Louis 8St. Petersburg 9Stafford 4Stamford 5State College 11Staten Island 11Sterling 9Sterling Heights 4Stevens Point 3Stillwater 5Stockton 10Stoneham 2Stoughton 5Stow 4Streamwood 4Streetsboro 4Strongsville 3Stroudsburg 4Stuart 8Stuarts Draft 4Sturgeon Bay 4Suffolk 5Sugar Land 7Summerville 4Sun Prairie 3Sunnyvale 4Sunrise 4Superior 7Surprise 5Suwanee 5Swansea 3Syracuse 5Tacoma 6Tallahassee 13Tampa 26Taunton 5Taylor 3Taylors 7Taylorsville 1Temecula 4Tempe 14Temple 5Temple 3Texarkana 3The Bronx 22The Villages 3The Woodlands 5Thornton 8Thousand Oaks 5Tifton 2Tigard 5Tinley Park 9Titusville 6Toledo 6Tolleson 5Tomball 3Toms River 3Topeka 14Topsham 4Torrance 7Torrington 3Town of Wilton 10Towson 4Tracy 4Traverse City 4Triadelphia 4Trinity 3Troy 5Trumbull 7Tucker 5Tucson 24Tukwila 7Tulare 4Tulsa 16Turlock 4Turnersville 10Tuscaloosa 4Tustin 6Twin Falls 5Tyler 6Union 5Uniontown 4University Heights 4Upland 4Upper Marlboro 6Urbandale 7Vacaville 4Vadnais Heights 3Valdosta 3Valencia 7Vallejo 4Valley Stream 6Valparaiso 4Van Nuys 11Vancouver 11Vauxhall 4Venice 6Ventura 10Vernon Hills 6Vero Beach 6Vestal 6Victor 5Victoria 3Villa Park 4Virginia 4Virginia Beach 15Visalia 6Vista 8Voorhees Township 5Waco 4Waconia 5Wadsworth 3Wake Forest 6Waldorf 5Walker 4Walled Lake 3Walnut Creek 7Wareham 4Warner Robins 5Warren 5Warrenville 4Warrington 5Warwick 9Washington 5Washington 4Washington D.C. 16Wasilla 5Watauga 7Watchung 4Waterbury 4Waterford 5Waterloo 4Watertown 10Watertown 5Watertown 4Watsonville 6Waukegan 3Waukesha 8Wauwatosa 5Waxahachie 3Wayne 1Waynesboro 4Weatherford 5Webster 3Webster 3Wenatchee 4Wentzville 5Wesley Chapel 5Wesley Chapel 4West Allis 5West Burlington 3West Chester 3West Covina 10West Des Moines 9West Hartford 1West Hills 4West Hollywood 6West Jefferson 11West Jordan 3West Lafayette 1West Mifflin 4West Milwaukee 6West Nyack 6West Palm Beach 12West Sacramento 4West Saint Paul 7West Valley City 4Westborough 6Westbury 5Westerville 4Westlake Village 6Westland 5Westminster 10Westminster 10Westminster 5Westwood 6Wheat Ridge 5Wheaton 3Wheeling 4White Plains 6Whitehall 3Whittier 6Wichita 13Wichita Falls 4Wilkes-Barre Township 8Williamsburg 6Williamsville 4Willmar 3Willoughby 4Willowbrook 3Wilmington 29Wilmington 6Wilmington 5Wilson 5Wilsonville 9Winchester 7Windsor 6Winona 3Winston-Salem 8Winter Garden 6Winter Park 6Woburn 6Wood Dale 3Woodbridge 4Woodbury 19Woodhaven 3Woodinville 6Woodland 14Woodland Hills 6Woodridge 3Woodstock 5Worcester 5Wylie 6Wyncote 5Wyoming 3Wyomissing 4Yakima 4York 10Yorkville 5Ypsilanti 4Yuba City 4Yukon 6Yulee 3Yuma 4DivisionsTARGET 4CampaignStore Hourly - Food;Store Hourly - Logistics 1Store Hourly - Front End 1Store Hourly - Sales Floor 2Address8282 Golden Link Blvd, Northfield, Ohio, 44067-2067 4Compensation TypeHourly 4ScheduleVariable 4already started an application?log in to continuestill have some questions?check out the careers FAQcultureWhat’s it like to work here? We’re asked that a lot. Target respects and values the individuality of all team members and guests—and we have lots of fun in all that we do.experience our cultureget email updatesGet the latest job openings right in your inbox. View privacy statement.emailareas of interest Select a job category from the list of options. Search for a location and select one from the list of suggestions. Finally, click “Add” to create your job alert.Job Category Select a Job CategoryAdministrative SupportAssets Protection and Corporate SecurityBusiness OperationsCall Centers and Financial Retail ServicesDistribution Center HourlyDistribution Center LeadershipFinance and AccountingFood and BeverageGlobal Supply Chain and LogisticsHuman ResourcesInternshipsLawLearning & DevelopmentLegal Affairs, Risk and ComplianceMarketing, Media and CommunicationsMerchandising and Global SourcingProduct Design and DevelopmentReal Estate, Design and Property ManagementStore HourlyStore Hourly LeadershipStore LeadershipStrategy and InnovationTechnology and Data SciencesLocationadd+NorthfieldRemoveRemoveConfirm EmailInside TargetA Bullseye Viewget a look behind the scenes at TargetPulse blogour teams, our stories, our careerscompanyabout Targetinvestorspresscareerscorporate responsibilitynews & featuresTarget.comfind a storecontact ussitemapFacebookTwitterLinkedInPinterestYouTubeInstagramRSSprivacy policy privacy updated 1/20Interest Based Adsterms & conditionsCA privacyteam member servicesdo not sell my info – CA residents only©2021 Target Brands, Inc. Target, the Bullseye Design and Bullseye Dog are trademarks of Target Brands, Inc."
