"Channel Sales Manager Jobs in Central Delhi Delhi,Job Vacancies in Channel Sales Manager in Central Delhi on PlacementIndia.comJobsJobs by CategorySales & MarketingIT - SoftwareHealth CareBPO/KPOEngineeringManufacturingMore JobsJobs by SkillMarketing JobsComputer JobsTelemarketing JobsJAVA JobsPHP JobsHTML JobsMore JobsJobs by RoleAccount JobsWeb Graphic Designer JobsMechanical Engineer JobsCivil Engineer JobsElectrical Engineer JobsWeb Developer JobsMore JobsJobs by EducationDiploma JobsB.Com JobsCA JobsB.Pharma JobsB.C.A JobsB.B.A JobsMore JobsJobs by CityJobs in DelhiJobs in BangaloreJobs in HyderabadJobs in MumbaiJobs in ChennaiJobs in PuneMore JobsGulf JobsJobs in UAEJobs in OmanJobs in QatarJobs in Saudi ArabiaJobs in KuwaitJobs in BahrainMore JobsInternational JobsJobs in SingaporeJobs in CanadaJobs in MalaysiaJobs in GermanyJobs in AustraliaJobs in United KingdomMore JobsCareerJob Seeker ServicesResume WritingVisual ResumeFast Track CareerPremium SeekerExplore BlogsInterview TipsCareer PlanningTelephonic InterviewsResume TipsConsultantRecruitment AgenciesHR SolutionsOverseas PlacementCareer ConsultantCorporate TrainingEducation ConsultantsImmigration ServicesManpower ServicesSecurity Guard ServicesHousekeeping ServicesPost ResumeSign InPost Job FreeFor EmployerRegister NowFree Job PostingSmart Resume SearchPremium ServicesSign InContact UsSearch Jobs in IndiaExperience Fresher 1 Year 2 Years 3 Years 4 Years 5 Years 6 Years 7 Years 8 Years 9 Years 10 Years 11 Years 12 Years 13 Years 14 Years 15 YearsSearchJobsJob SearchChannel Sales Manager JobsChannel Sales Manager Jobs in Central Delhi DelhiChannel Sales Manager Jobs in Central Delhi DelhiSales Development Manager-agency Channel ( 1 - 6 yrs)Skywings Advisors Private LimitedRS 1,50,000 To 2,25,000 p.a. North Delhi, South Delhi, East Delhi, West Delhi, Central Delhi, Faridabad, Gurgaon, Ghaziabad, Greater Noida, Noida, DelhiWe Have Urgent Openings For Position Of Sales Development Manager (Sdm) Company:-Hdfc Life Insurance Company Limited Qualification Required: Graduation Experience Required: At Least 6 Months In Sales Job Purpose : To Recruit, Train & Crea...Apply NowKey Skills : sales executive,marketing,distribution,business development executive,business developer,regional manager,head...Browse \"Channel Sales Manager Jobs\" in near by location of Central Delhi DelhiChannel Sales Manager ( 5 - 11 yrs)Psmmicare Pvt limitedRS 2,00,000 To 3,50,000 p.a. Chandigarh, Ahmedabad, Surat, Shimla, Mumbai, Ludhiana, Patiala, DelhiFMCG experience is Must. Need candidates who can appoint Superstockist and distributor in his assigned territory. Mumbai 15 position, Gujrat 12 position, Delhi 12 position Ghaziabad 4 position karnataka 5 position, Kolkata 2 position, Assam 4, Chandi...Apply NowKey Skills : business development,territory sales management,channel sales,new channel development,salesChannel Sales Manager ( 4 - 10 yrs)Fregree Vegitables and Fruits ServicesRS 4,50,000 To 6,50,000 p.a.A newly started online Grocery Company urgently required Channel Sales Manager\\'s For Retailer\\'s Channel Development And Business Development . Location-- Pan India Salary Package -- 4 Lakh to 6.5 Lakh Negotiable as per candidate + ...Apply NowKey Skills : channel sales,direct sales,b2b sales,business developmentSales Manager - Channel & OEM Sales ( 4 - 10 yrs)SMVA ConsultantsRS 7,50,000 To 9,50,000 p.a.Requisition Submitted By : Brach Head for the Post : Sales Manager:channel & Oem Sales location : Delhi-ncr reporting to : Hod need for Requisition : Expansion of the Business requirement Deadline : Immediate experience Required : 5...Apply NowKey Skills : sales,marketing,business development,sales manager,marketing managerRelationship Manager ( Channel Sales) for online Game ( Lagao Boli ) ( 2 - 5 yrs)I Resource WorldRS 3,00,000 To 5,00,000 p.a.We are hiring for online Game ( Lagao Boli ) for Viaan Industries Ltd. Req: Relationship Manager ( Channel Sales) Location : Delhi Salary: Up to 45K Exp: 2-5 Years in Retail sales Qual: Graduate/MBA Prf. industry : telecom, Lottery,...Apply NowKey Skills : channel sales,distributor,retail,dealer,sales manager,relationship managerIT Channel Sales Manager ( 2 - 5 yrs)Preemptive Technofield Pvt. Ltd.RS 3,00,000 To 5,00,000 p.a.JD For Channel Sales Manager Identify, recruit and on-board new channel partners within assigned territory. Manage sales activities to generate revenue. Coordinate with Clients to create business plans to meet sales goals. Analyze mar...Apply NowKey Skills : it channel sales,marketing,it channel sales manager,sales manager,marketing managerNot a member as yet ?Register now to apply to these jobsRegister NowI agree to the Terms and ConditionsAm Channel Sales, Regional Manager, Executive/ Digital Education Sector/ Pan India ( 3 - 15 yrs)GGetpath ConsultantsRS 2,00,000 To 12,00,000 p.a. Ranchi, Mumbai, PuneHi, urgently Hiring for am - Channel Sales - Education Industry immediate Joiner Preferred no Gaps in Qualification and Experience work from Home job Location: Maharashtra, Mumbai, Pune, Punjab, Chandigarh, Himachal Pradesh...Apply NowKey Skills : sales,marketing,sales manager,marketing managerHuge Hiring For Sales Manager- Agency Channel ( 1 - 3 yrs)Synbus Recruitment Pvt. Ltd.RS 2,25,000 To 4,00,000 p.a. AhmedabadThe Job Role and Responsibilities:- An agency sales manager\\'s job role and responsibilities would include Sales Planning and target setting for the agent sales team Formulating sales strategies for different products and achieving target...Apply NowKey Skills : sales,marketing,business development,sales manager,marketing managerOpening For Sales Manager - Direct Marketing/Agency channel ( 1 - 3 yrs)Synbus Recruitment Pvt. Ltd.RS 2,25,000 To 4,00,000 p.a. DelhiWe are having some immediate job openings. DESIGNATION : Sr sales manager/Agency development manager(BDM) Job Description For Direct Channel:- 1.providing 50-60% leads 2.lead generation 3.lead follow up 4.meet cu...Apply NowKey Skills : agency development,sales,marketing,insurance sales,banking sales,communication skills,lead generation,agents...Channel Sales & Marketing Manager ( 5 - 7 yrs)SHINE HR MANAGEMENTRS 4,00,000 To 6,00,000 p.a. North Delhi, Delhi1. Develops and implements strategic marketing plans and sales plans and forecasts to achieve corporate objectives for products and services. 2. Develops and manages sales/marketing operating budgets. 3. Plans and oversees adv...Apply NowKey Skills : channel sales,marketing managerUrgent Openings for Sales Develpment Manager-banca Channel ( 1 - 6 yrs)Skywings Advisors Private LimitedRS 2,00,000 To 3,00,000 p.a. Hyderabad, Chandigarh, South Delhi, Gurgaon, Mumbai, Pune, DelhiUrgent Hiring In Kotak Life Insurance For The Post Of Bancassurance. Salary: 2.2- 3 L/Annum Education: Graduation Exp. Mini. 1 Year In Insurance Sales. Work Profile: 1. To Sell Insurance Products Through The Assigned Bank Branches By...Apply NowKey Skills : life insurance,life insurance advisor,insurance agent,banking insurance,bancassurance,life insurance agent,...You can find Related Jobs of \"Channel Sales Manager\" in different Top CitiesHyderabadAhmedabadBangaloreMumbaiPuneChennaiKolkataDelhiRegional Sales Manager jobs in HyderabadCorporate Sales jobs in HyderabadBusiness Development jobs in HyderabadChannel Sales Officer jobs in HyderabadBranch Manager jobs in HyderabadArea Sales Manager jobs in HyderabadRelationship Manager jobs in HyderabadArea Sales Officer jobs in HyderabadDirect Sales jobs in HyderabadTerritory Sales Manager jobs in HyderabadBusiness Development Manager jobs in AhmedabadBusiness Development jobs in AhmedabadArea Sales Officer jobs in AhmedabadTerritory Sales Manager jobs in AhmedabadRelationship Manager jobs in AhmedabadArea Sales Executive jobs in AhmedabadCorporate Sales jobs in AhmedabadBranch Manager jobs in AhmedabadMarketing jobs in AhmedabadDirect Sales jobs in AhmedabadBranch Manager jobs in BangaloreBusiness Development jobs in BangaloreRegional Sales Manager jobs in BangaloreMarketing jobs in BangaloreBusiness Development Manager jobs in BangaloreDirect Sales jobs in BangaloreArea Sales Manager jobs in BangaloreArea Sales Officer jobs in BangaloreRelationship Manager jobs in BangaloreCorporate Sales jobs in BangaloreArea Sales Manager jobs in MumbaiRelationship Manager jobs in MumbaiRegional Sales Manager jobs in MumbaiBusiness Development Manager jobs in MumbaiChannel Sales Executive jobs in MumbaiDirect Sales jobs in MumbaiBusiness Development jobs in MumbaiArea Sales Officer jobs in MumbaiTerritory Sales Manager jobs in MumbaiCorporate Sales jobs in MumbaiBusiness Development jobs in PuneTerritory Sales Manager jobs in PuneBusiness Development Manager jobs in PuneCorporate Sales jobs in PuneMarketing jobs in PuneBranch Manager jobs in PuneRelationship Manager jobs in PuneArea Sales Officer jobs in PuneRegional Sales Manager jobs in PuneChannel Sales Executive jobs in PuneBusiness Development jobs in ChennaiChannel Sales Executive jobs in ChennaiArea Sales Officer jobs in ChennaiBranch Manager jobs in ChennaiRegional Sales Manager jobs in ChennaiCorporate Sales jobs in ChennaiBusiness Development Manager jobs in ChennaiMarketing jobs in ChennaiChannel Sales Officer jobs in ChennaiArea Sales Manager jobs in ChennaiArea Sales Officer jobs in KolkataMarketing jobs in KolkataBusiness Development jobs in KolkataArea Sales Executive jobs in KolkataTerritory Sales Manager jobs in KolkataCorporate Sales jobs in KolkataBusiness Development Manager jobs in KolkataDirect Sales jobs in KolkataChannel Sales Executive jobs in KolkataRegional Sales Manager jobs in KolkataKey Account Management jobs in DelhiTerritory Sales Manager jobs in DelhiRegional Sales Manager jobs in DelhiChannel Sales Executive jobs in DelhiArea Sales Manager jobs in DelhiDirect Sales jobs in DelhiCorporate Sales jobs in DelhiArea Sales Officer jobs in DelhiBusiness Development jobs in DelhiBranch Manager jobs in DelhiRegister as a Job SeekerI agree to the Terms and ConditionsRegister NowJobs by DesignationsArea Sales Manager JobsBusiness Development Manager JobsRelationship Manager JobsJobs by SkillsMarketing JobsCorporate Sales JobsBusiness Development JobsJobs in Other LocationSangli-Miraj-KupwadNoidaGuwahatiVijayawadaNorth DelhiView MoreApply for JobEmail Id or mobile numberNextApply for JobIncorrect PasswordChangeForgot Password?PasswordRemember meLoginORLogin with OTPApply for JobIncorrect OTP / PasswordResend OTPEnter OTPSet New PasswordSubmitApply for JobIncorrect OTPEnter OTPLoginResend OTPORLogin with PasswordMobile VerificationMobile no Already ExistsUpdate MobileMultiple Accounts Found!We have found multiple accounts registered with the same mobile number. Choose the original account or register as newSelect Ms. Mr. Mrs.Full NameEmail IDCountry Code AD (+376) AE (+971) AF (+93) AG (+268) AI (+264) AL (+335) AM (+374) AN (+599) AO (+244) AQ (+672) AR (+54) AS (+684) AT (+43) AU (+61) AW (+297) AZ (+994) BA (+387) BB (+246) BD (+880) BE (+32) BF (+226) BG (+359) BH (+973) BI (+257) BJ (+229) BM (+441) BN (+673) BO (+591) BR (+55) BS (+242) BT (+975) BV (+47) BW (+267) BY (+375) BZ (+501) CA (+1) CC (+61) CF (+236) CG (+242) CH (+41) CK (+682) CL (+56) CM (+237) CN (+86) CO (+57) CR (+506) CU (+53) CV (+238) CX (+61) CY (+357) CZ (+420) DE (+49) DJ (+253) DK (+45) DM (+767) DO (+809) DZ (+213) EC (+593) EE (+372) EG (+20) EH (+212) ER (+291) ES (+34) ET (+251) FI (+358) FJ (+679) FK (+500) FM (+691) FO (+298) FR (+33) FX (+590) GA (+241) GD (+809) GE (+995) GF (+594) GH (+233) GI (+350) GL (+299) GM (+220) GN (+224) GP (+590) GQ (+240) GR (+30) GT (+502) GU (+1) GW (+245) GY (+592) HK (+852) HM (+61) HN (+504) HR (+385) HT (+509) HU (+36) ID (+62) IE (+353) IL (+972) IN (+91) IO (+246) IQ (+964) IR (+98) IS (+354) IT (+39) JM (+876) JO (+962) JP (+81) KE (+254) KG (+7) KH (+855) KI (+686) KM (+269) KN (+869) KP (+850) KR (+82) KW (+965) KY (+345) KZ (+7) LA (+856) LB (+961) LC (+758) LI (+423) LK (+94) LR (+231) LS (+266) LT (+370) LU (+352) LV (+371) LY (+218) MA (+212) MC (+377) MD (+373) ME (+382) MG (+261) MH (+692) MK (+389) ML (+223) MM (+95) MN (+976) MO (+853) MP (+670) MQ (+596) MR (+222) MS (+664) MT (+356) MU (+230) MV (+960) MW (+265) MX (+52) MY (+60) MZ (+258) NA (+264) NC (+687) NE (+227) NF (+672) NG (+234) NI (+505) NL (+31) NO (+47) NP (+977) NR (+674) NU (+683) NZ (+64) OM (+968) OT (+93) PA (+507) PE (+51) PF (+689) PG (+675) PH (+63) PK (+92) PL (+48) PM (+508) PN (+872) PR (+787) PT (+351) PW (+680) PY (+595) QA (+974) RE (+262) RO (+40) RS (+381) RU (+7) RW (+250) SA (+966) SB (+677) SC (+248) SD (+249) SE (+46) SG (+65) SH (+290) SI (+386) SJ (+47) SK (+421) SL (+232) SM (+378) SN (+221) SO (+252) SR (+597) ST (+239) SV (+503) SY (+963) SZ (+268) TC (+649) TD (+235) TF (+590) TG (+228) TH (+66) TJ (+7) TK (+64) TM (+993) TN (+216) TO (+676) TP (+670) TR (+90) TT (+868) TV (+688) TW (+886) TZ (+255) UA (+380) UG (+256) UK (+44) UM (+1) US (+1) UY (+598) UZ (+998) VA (+39) VC (+784) VE (+58) VG (+1) VI (+1) VN (+84) VU (+678) WF (+681) WS (+685) YE (+967) YT (+269) YU (+381) ZA (+27) ZM (+260) ZR (+243) ZW (+263)Mobile NumberCurrent Location Select Location Ahmedabad Bangalore Bhubaneswar Chennai Delhi Hyderabad Kolkata Mumbai Noida Pune Bombooflat Car Nicobar Port Blair Other city in Andaman & Nicobar Anantapur Chittoor East Godavari Guntur Ichchapuram Kadapa Krishna Kurnool Nellore Prakasam Rajahmundry Rangareddy Srikakulam Tirupati Vijayawada Vikarabad Visakhapatnam Vizianagaram West Godavari Other city in Andhra Pradesh Changlang East Kameng East Siang Itanagar Koloriang Lohit Lower Dibang Valley Lower Siang Lower Subansiri Namsai Papum Pare Tawang Tirap Upper Subansiri West Kameng West Siang Other city in Arunachal Pradesh Barpeta Biswanath Bongaigaon Cachar Charaideo Chirang Darrang Dhemaji Dhubri Dibrugarh Dima Hasao Goalpara Golaghat Guwahati Hailakandi Hojai Jorhat Kamrup Karbi Anglong Karimganj Kokrajhar Mangaldoi Marigaon Nagaon Nalbari Sibsagar Sonitpur Tinsukia Udalguri Other city in Assam Araria Banka Bhagalpur Bhojpur Buxar Darbhanga East Champaran Gaya Gopalganj Hajipur Jamalpur Jamui Katihar Khagaria Kishanganj Lakhisarai Madhepura Madhubani Munger Muzaffarpur Nalanda Patna Purnia Rohtas Saharsa Samastipur Saran Sheikhpura Sheohar Sitamarhi Siwan Supaul Vaishali West Champaran Other city in Bihar Chandigarh Other city in Chandigarh Bastar Bemetra Bhilai Nagar Bilaspur Dantewada Dhamtari Durg Jagdalpur Janjgir-Champa Jashpur Kabirdham Kanker Korba Koriya Mahasamund Mungeli Raigarh Raipur Rajnandgaon Ramanujganj Sarangarh Surajpur Surguja Other city in Chhattisgarh Naroli Silvassa Other city in Dadra & Nagar Haveli Daman Diu Other city in Daman & Diu Delhi Faridabad Ghaziabad Greater Noida Gurgaon Noida Other city in Delhi/NCR Bardez Bicholim Canacona Dharbandora Mormugao Panaji Pernem Ponda Porvorim Quepem Salcete Sanguem Sattari Tiswadi Vasco da Gama Other city in Goa Ahmedabad Anand Aravalli Bharuch Bhavnagar Bhuj Gandhidham Gandhinagar Jamnagar Junagadh Kachchh Kheda Mahisagar Mehsana Narmada Navsari Porbandar Rajkot Sabarkantha Surat Surendranagar Vadodara Valsad Vapi Other city in Gujarat Ambala Bahadurgarh Bhiwani Charkhi Dadri Faridabad Fatehabad Gurgaon Hisar Jhajjar Jind Kaithal Karnal Kurukshetra Mahendragarh Nuh Palwal Panchkula Panipat Rewari Rohtak Sirsa Sonipat Yamunanagar Other city in Haryana Bilaspur Chamba Kangra Kinnaur Kullu Lahaul and Spiti Mandi Shimla Sirmour Solan Una Other city in Himachal Pradesh Anantnag Bandipora Baramulla Budgam Doda Jammu Kathua Kishtwar Kulgam Kupwara Leh Poonch Pulwama Rajauri Ramban Reasi Shupiyan Srinagar Udhampur Other city in Jammu & Kashmir Bokaro Chatra Deoghar Dhanbad Dumka East Singhbhum Garhwa Giridih Godda Gumla Hazaribagh Jamshedpur Jamtara Kodarma Latehar Lohardaga Pakaur Palamu Purbi Singhbhum Ramgarh Ranchi Sahibganj Seraikela Kharsawan Simdega West Singhbhum Other city in Jharkhand Bagalkot Bangalore Belgaum Bellary Bidar Bijapur Chamarajanagar Chikkaballapur Chikmagalur Chitradurga Dakshina Kannada Davanagere Dharwad Gadag Gulbarga Hassan Haveri Kodagu Kolar Koppal Mandya Mysore Raichur Shimoga Tumkur Udupi Uttara Kannada Yadgir Other city in Karnataka Alappuzha Calicut Ernakulam Idukki Kannur Kasaragod Kochi Kollam Kottayam Malappuram Palakkad Pathanamthitta Thiruvananthapuram Thrissur Wayanad Other city in Kerala Kargil Other city in Ladakh Other city in Lakshadweep Agar Malwa Alirajpur Anuppur Ashok Nagar Balaghat Barwani Betul Bhind Bhopal Bina Etawa Burhanpur Chhatarpur Chhindwara Damoh Datia Dewas Dhar Dindori Guna Gwalior Harda Hoshangabad Indore Jabalpur Jhabua Katni Khandwa Khargone Mandla Mandsaur Morena Narsimhapur Narsinghpur Neemuch Panna Raisen Rajgarh Ratlam Rewa Sagar Satna Sehore Seoni Shahdol Shajapur Sheopur Shivpuri Sidhi Singrauli Tikamgarh Ujjain Umaria Vidisha Other city in Madhya Pradesh Ahmednagar Akola Amravati Aurangabad Bhandara Bid Buldhana Chandrapur Dhule Gadchiroli Gondiya Hingoli Jalgaon Jalna Kolhapur Latur Mumbai Nagpur Nanded Nandurbar Nashik Navi Mumbai Osmanabad Palghar Parbhani Pune Raigad Ratnagiri Sangli Satara Sindhudurg Solapur Thane Virar Wardha Washim Yavatmal Other city in Maharashtra Bishnupur Churachandpur Imphal Kakching Kangpokpi Senapati Tamenglong Tengnoupal Thoubal Ukhrul Other city in Manipur East Garo Hills East Khasi Hills North Garo Hills Ri Bhoi South Garo Hills West Garo Hills West Jaintia Hills West Khasi Hills Other city in Meghalaya Aizawl Champhai Kolasib Lawngtlai Lunglei Mamit Saiha Serchhip Other city in Mizoram Dimapur Kohima Mokokchung Mon Phek Tuensang Wokha Zunheboto Other city in Nagaland Angul Balangir Balasore Bargarh Berhampur Bhadrak Bhubaneswar Cuttack Deogarh Dhenkanal Gajapati Ganjam Jagatsinghapur Jajapur Jharsuguda Kalahandi Kandhamal Kendrapara Kendujhar Khordha Koraput Malkangiri Mayurbhanj Nabarangpur Nayagarh Nuapada Puri Rayagada Rourkela Sambalpur Subarnapur Sundargarh Other city in Odisha Pondicherry Other city in Pondicherry Amritsar Barnala Bathinda Faridkot Fatehgarh Sahib Fazilka Firozpur Gurdaspur Hoshiarpur Jalandhar Kapurthala Ludhiana Mansa Moga Mohali Muktsar Pathankot Patiala Rupnagar Sangrur Shahid Bhagat Singh Nagar Tarn Taran Zirakpur Other city in Punjab Ajmer Alwar Banswara Baran Barmer Bharatpur Bhilwara Bhiwadi Bikaner Bundi Chittorgarh Churu Dausa Dhaulpur Dungarpur Hanumangarh Jaipur Jaisalmer Jalor Jhalawar Jhunjhunu Jodhpur Karauli Kota Nagaur Pali Rajsamand Sawai Madhopur Sikar Sirohi Sri Ganganagar Tonk Udaipur Other city in Rajasthan East Sikkim North Sikkim South Sikkim West Sikkim Other city in Sikkim Ariyalur Chennai Coimbatore Cuddalore Dharmapuri Dindigul Erode Kanchipuram Kanyakumari Karur Krishnagiri Madurai Nagapattinam Namakkal Nilgiris Ooty Perambalur Pudukkottai Ramanathapuram Salem Sivaganga Thanjavur Theni Thiruvallur Thiruvarur Thoothukudi Tiruchirappalli Tirunelveli Tiruppur Tiruvanamalai Vellore Viluppuram Virudhunagar Other city in Tamil Nadu Adilabad Asifabad Bhadradri Kothagudem Hyderabad Jagtial Jangaon Jogulamba Gadwal Kamareddy Karimnagar Khammam Komaram Bheem Mahbubnagar Mancherial Medak Medchal Nagarkurnool Nalgonda Nirmal Nizamabad Peddapalli Ranga Reddy Sangareddy Secunderabad Siddipet Suryapet Warangal Urban Yadadri Bhuvanagiri Other city in Telangana Agartala Dhalai Gomati Khowai North Tripura Sipahijala South Tripura Unakoti West Tripura Other city in Tripura Agra Aligarh Allahabad Ambedkar Nagar Amethi Amroha Auraiya Azamgarh Baghpat Bahraich Ballia Balrampur Banda Barabanki Bareilly Basti Bhadohi Bijnor Budaun Bulandshahr Chandauli Chitrakoot Deoria Etah Etawah Faizabad Farrukhabad Fatehpur Firozabad Gautam Budh Nagar Ghaziabad Ghazipur Gonda Gorakhpur Greater Noida Hamirpur Hapur Hardoi Hathras Jalaun Jaunpur Jhansi Kannauj Kanpur Kasganj Kaushambi Kushinagar Lakhimpur Kheri Lalitpur Lucknow Mahoba Mahrajganj Mainpuri Mathura Mau Meerut Mirzapur Moradabad Muzaffarnagar Noida Pilibhit Pratapgarh RaeBareli Rampur Saharanpur Sambhal Sant Kabir Nagar Shahjahanpur Shamli Shravasti Siddharth Nagar Sitapur Sonbhadra Sultanpur Unnao Varanasi Other city in Uttar Pradesh Almora Bageshwar Chamoli Champawat Dehradun Haridwar Nainital Pauri Garhwal Pithoragarh Rishikesh Roorkee Rudra Prayag Rudrapur Tehri Garhwal Udham Singh Nagar Uttarkashi Other city in Uttarakhand Alipurduar Asansol Bankura Bardhaman Birbhum Cooch Behar Dakshin Dinajpur Darjeeling Durgapur Hooghly Howrah Jalpaiguri Jhargram Kalimpong Kharagpur Kolkata Malda Murshidabad Nadia North 24 Parganas Paschim Bardhaman Paschim Medinipur Purba Bardhaman Purba Medinipur Purulia Rajarhat Siliguri South 24 Parganas Uttar Dinajpur Other city in West BengalCurrent CityCurrent CityFresherExperiencedSubmit ApplicationSTAY AWAY FROM FRAUD AGENTS WHO ASK MONEY FOR JOB!PlacementIndia.Com does not take responsibility for payments made to any third-party promising job opportunity. All Terms Of Use and Privacy Policy Applied.Mobile Verification,All the best! - Your application is successfully sentWant To Speed-Up Your Job Search?Highlight Your ProfileJob seekers with premium profile get highlighted at the top when companies perform candidate searchDetails Shared With Recruiters Via SMSThe details of premium members are instantly shared with Recruiters via SMS when they post a Job matching your Skills & PreferenceHigher Boosting On Resume SearchPremium job seekers enjoy higher visibility and top ranking among recruiters on resume searchPay rs. 499.00 SkipBecome a Premium job Seekerfor 3 MonthsDo not show this againAll the best! - Your application is successfully sentYou Are All Set To Find Your Dream Job!General LinkHomeAbout UsContact UsSitemapSafety GuideFraud AlertJob SeekerPost ResumeLoginFast Track CareerResume EdgePremium SeekerTestimonialsFeedbackComplaintsTerm & ConditionsFAQRecruiterRegister NowLoginPost Jobs for FreeFree Resume SearchResume Database PackagesBranding SolutionsFeedbackComplaintsRecruiter TestimonialsTerm & ConditionsFAQPrivacy PolicyCopyright © 1997 Weblink.In Pvt. Ltd. All rights reserved."
