"Maintenance Jobs: CareerSpecific.com1-15 of 1878 Jobs Found. Display 10 15 20 25 30 40 50 75 100 per page.KeywordsKeywords, Job Title, Company, etc.	LocationAny Alabama Alaska Alberta Arizona Arkansas British Columbia California Colorado Connecticut D. C. Delaware Florida Georgia Hawaii Idaho Illinois Indiana Iowa Kansas Kentucky Louisiana Maine Manitoba Maryland Massachusetts Michigan Minnesota Mississippi Missouri Montana Nebraska Nevada New Brunswick New Hampshire New Jersey New Mexico New York Newfoundland North Carolina North Dakota Northwest Territories Nova Scotia Nunavut Ohio Oklahoma Ontario Oregon Outside of U.S./Canada Pennsylvania Prince Edward Island Quebec Rhode Island Saskatchewan South Carolina South Dakota Tennessee Texas Utah Vermont Virginia Washington West Virginia Wisconsin WyomingRefine your SearchNarrowed Byundo CareersInFood.comTitle(149) Maintenance Technician(120) Maintenance Supervisor(73) Maintenance Manager(72) Maintenance Mechanic(18) Sr. Maintenance TechnicianMore >>(12) Maintenance Planner(12) CM Maintenance Manager(12) Electrician(9) Driver / Courier(9) Plant Maintenance Supervisor(8) Mechanic(8) Plant Engineer(8) Janitor Porter(7) Maintenance Electrician(7) Assistant Maintenance Manager(7) Boiler Field Technician(7) PM Mechanic(6) Plant Manager(6) Refrigeration Technician(6) Maintenance Tech(6) Manager, Facility Services(6) Fleet Manager - Maintenance(6) Garage Mechanic(6) LNM Technician(6) Industrial Electrician(5) Industrial Maintenance Mechanic- 2nd or 3rd Shift(5) Maintenance Superintendent(5) Farm Maintenance Tech 1(5) Apprentice Technician-Level 2(5) Diesel Mechanic(5) Manager - Engineering and Maintenance(5) Production Supervisor(5) Reliability Manager(4) Project Engineer(4) Quality Manager(4) Plant Maintenance Engineer(4) Processing Manager - Solvent(4) Manufacturing Manager(4) Controls Technician(4) Ammonia Refrigeration Technician(4) 3rd Shift Maintenance Mechanic(4) Fleet Mechanic(4) Field Service Technician(4) Electrical Technician(4) Maintenance Supervisor- 3rd shift(4) Maintenance Supervisor - 2nd Shift(4) Maintenance Mechanic 2nd Shift- Racine(4) Maintenance Coordinator(4) Maintenance Helper(4) Industrial Maintenance Mechanic(3) Machine Op II(3) Maintenance I(3) Maintenance Engineer, Reliability Centered Maintenance(3) Maintenance Lead(3) Maintenance Refrigeration Operator(3) Maintenance Supervisor 2nd Shift(3) Maintenance Supervisor, MN(3) Maintenance Technician - Military Veteran(3) Engineering Manager(3) Grain Bagger(3) Feed Mill Maintenance Tech(3) Field Service Engineer(3) CM Reliability Engineer(3) Buildings & Grounds Technician(3) Administrative Assistant- DSD - Part Time(3) Manager, Maintenance and Reliability(3) Manufacturing Engineer(3) Maintenance Technician- Military Veteran(3) Maintenance Technician - 2nd shift(3) MAINTENANCE TECHNICIAN - 3RD SHIFT(3) Preventative Maintenance Mechanic(3) Plant Technician I (N Manchester, IN)(3) Material Handling Maintenance Technician 2(3) Refrigeration Mechanic(3) Production Technician(3) Shift Mechanic Trainee(3) Sanitation Worker(3) Tech 3, Bakery-Maintenance(3) Technical Manager (Engineering and Maintenance)(3) Technical Manager (Manufacturing Maintenance)(3) Test Technician(2) Utilities Technician(2) Waste Water Operator(2) Technical Team Member(2) Technical Writer(2) Technician 3, Bakery-Maintenance(2) Plant Maintenance Technician(2) Tech 2, Bakery-Maintenance(2) Sanitation Tech(2) Sr. Maintanence Technician(2) Team Leader - Maintenance Job(2) Team Leader Maintenance(2) Summer Intern - Maintenance(2) Production Supervisors(2) Process Engineer(2) PRODUCTION MANAGER(2) QA/QC Manager(2) Quality Supervisor(2) Refrigeration Maintenance Technician 1(2) Refrigeration Maintenance Technician 2(2) Refrigeration Maintenance Technician 3(2) Refrigeration Manager(2) Refrigeration Mechanic III 2nd shift(2) Refrigeration Supervisor(2) Refrigeration/Boiler Technician(2) Materials Handling Maintenance Technician 1(2) Plant Engineering Manager(2) Multi-Crafted Auto Palletizing Maintenance Technician(2) Maintenance Supervisor- 2nd shift(2) Plant Maintenance Superintendent(2) PM Mechanic-Injection(2) Maintenance Technician I - 3rd shift Production(2) MAINTENANCE TECHNICIAN 1 | 3rd Shift(2) Maintenance Technician-Level 3(2) Maintenance Technician II(2) Master Maintenance Technician, Level 5(2) Maintenance/Engineering Manager(2) Maintenance Technicians(2) Operations Manager – Utilities, Facilities, and EHS(2) Mechanic 1(2) Mechanic Millwright(2) Mechanical Technician(2) CM Engineering Manager(2) CM Maintenance Engineering Manager(2) Chemistry Technician(2) Custodian(2) Electrical and Automation Manager(2) 2nd Shift Refrigeration Technician(2) Ag Tractor Mechanic(2) Bid Coordinator - Sr(2) Automation Technician(2) Automation Technician I(2) Electrical Supervisor(2) Feed Mill Maintenance Manager(2) Farm Maintenance Tech 1 - Temp position(2) Electrical Specialist MN(2) Electrical Technician- Maintenance(2) Facilities Maintenance Manager(2) Food Scientist(2) Fleet Mechanic, Int(2) Electro-Mechanical Technician(2) CM Project Engineer(2) Controls Engineer(2) Electrical Maintenance Technician(2) Electrician Othello FG(2) Maintenance Technician (2nd Shift)(2) Maintenance Team Leader(2) Maintenance Tech - Electro Mechanical(2) Maintenance Resource Leader(2) Maintenance Supervisors(2) MAINTENANCE DIRECTOR(2) Maintenance Parts Intern(2) Maintenance Mgr.(2) Maintenance Mechanic III(2) Maintenance Mechanic Grade 2(2) Maintenance Manager in Training(2) Maintenance Mechanic - 2nd Shift(2) Maintenance Mechanic 1st Shift(2) Maintenance Mechanic - 3rd Shift(2) Maintenance Mechanic - 3rd shift -Racine(2) Maintenance II(2) Maintenance Manager - 1st Shift(2) Maintenance Engineering Manager(2) Maintenance Manager - poultry(2) Maintenance Engineer(2) Maintenance and Reliability Manager(2) Maintenance Apprentice(2) Land Appl Crew Lead(2) Lead Facility Service Mgr(2) Industrial Mechanic(2) Fleet Maintenance Manager(2) Fleet Manager(2) General Worker(2) Heavy Equipment Operator(1) Hermiston - Electrician(1) Hermiston - Maintenance Parts Room Clerk(1) Hermiston Maintenance Technician(1) High Speed Packaging Technician 2nd shift(1) Housekeeper-First Shift(1) Human Resource Systems Analyst(1) Human Resources Manager(1) HVAC Systems Instrumentation and Controls Speciali(1) HVAC Technician(1) HVAC/R Apprentice(1) I&E Technician(1) Industrial Ammonia Refrigeration Technician(1) Industrial Electrical Tech Job(1) Global Manager, Procurement, MRO(1) Golf/Turf Equipment Field Technician(1) Industrial Electrician ( 3 openings)(1) Industrial Electrician Technician(1) Industrial Electrician-Case Ready(1) Industrial Electrician-Cut(1) Industrial Maintenance Electrician(1) Industrial Maintenance Manager(1) Industrial Mechanic/Electrician(1) Industrial Mechanics All Shifts(1) Industrial Utility Mechanic(1) Instrument Technician(1) Instrumentation and Electronics Technician(1) Instrumentation Controls Technician(1) Intellectual Property / Contract Paralegal(1) Intermediate Maintenance Mechanic - Off-shift(1) Intermediate Maintenance-2(1) Intern Maintenance Engineering (Caldwell, ID)(1) IT Technician(1) Janitor(1) Janitor - 2nd and 3rd Shift(1) INDUSTRIAL MAINTENANCE MECHANIC (177629)(1) INDUSTRIAL MAINTENANCE MECHANIC (177844)(1) INDUSTRIAL MAINTENANCE MECHANIC (177850)(1) Industrial Maintenance Mechanic (Maintenance Class C)(1) Janitorial(1) Junior Diesel Technician / Truck Mechanic(1) Kronos Analyst Clerk E(1) Labor/Utility(1) MACHINE OPERATOR (177254)(1) Machine Operator - 2nd Shift(1) Machine Operator - 3rd Shift(1) Machine Operator - Night Shift(1) Machine Operator 2 - 3rd Shift(1) Machine Operator II - Plates(1) Machine Operator Level 1 (Ogden)(1) Machine Operator Oklahoma City Plant(1) Machine Reliability Associate(1) MAINT MECHANIC B (176240)(1) MAINT MECHANIC B (177288)(1) MAINT MECHANIC B (177459)(1) MAINT MECHANIC C (176642)(1) MAINT MECHANIC C (177738)(1) MAINT MGR (175937)(1) MAINT MGR (176191)(1) MAINT SUPV (175874)(1) MAINT SUPV (176216)(1) MAINT SUPV (176229)(1) MAINT SUPV (176805)(1) MAINT SUPV (177604)(1) Maintenace Mechanic - 3rd shift -Racine(1) Maintenance(1) Maintenance Engineer(1) Maintenance Mechanic-2nd Shift(1) Maintenance & Reliability Manager(1) Maintenance (177554)(1) Maintenance (AgriBusiness - Helm, CA)(1) Maintenance - Hatchery(1) Maintenance - Millwright(1) Maintenance A or B Mechanic- San Antonio Plant(1) Maintenance Administrative/Service Coordinator(1) MAINTENANCE AND ENGINEERING MANAGER(1) Maintenance and Engineering Manager(1) Lead HVAC Technician(1) Lead Maintenance Tech(1) Lead Mechanic(1) Lead, Bakery-Maintenance(1) LIB - Cellulosic Engineering Technician (Emmetsburg, IA)(1) Lider Manutencao Automotiva(1) Line Mechanic L2 (1st, 2nd & 3rd shift openings)(1) Line Mechanic-L1 (2nd and 3rd shift opportunities)(1) Land Resource Specialist(1) LAUNDRY ROOM ATTNDT (177390)(1) LBB Custodian/Janitor(1) Le Sueur Cheese - Journeyman Electrician(1) LNM Technician- NC(1) Logistician(1) Machine Maintenance Specialist 2nd Shift(1) Maintenance Assistant (Hillsboro)(1) Maintenance Asst Manager(1) Maintenance Automation Support Supervisor - Days(1) Maintenance Charge(1) Maintenance Clerk (Marion, OH)(1) Maintenance Clerk - Racine 1st Shift(1) Maintenance Controls Technician(1) Maintenance Controls Technician - 3rd Shift(1) Maintenance Engineer (Food Mfg)(1) Maintenance Engineer 1(1) Maintenance Engineer 2(1) Maintenance Engineer Oklahoma City Plant(1) Maintenance Coordinator (Boar's Head Provisions Co., Inc.)(1) Industrial Maintenance Mechanic-Breinigsville, PA(1) Industrial Maintenance Technician | 2nd Shift Deer Park TX(1) Maintenance Manager CA(1) Maintenance Manager II (TX)(1) Maintenance General 2PM - 10PM(1) Maintenance Manager - Cumberland Dairy(1) Maintenance Manager - Facilities(1) Maintenance Manager - Greenwich, CT(1) Maintenance Manager (AR)(1) Maintenance Manager (CA)(1) Maintenance Manager (NC)(1) Maintenance Manager (Newport)(1) Maintenance Manager (PA)(1) Maintenance Manager (Phoenix)(1) Maintenance Manager (TN)(1) Maintenance III(1) Maintenance Intern (Bingham Lake, MN)(1) Maintenance Intern (Hudson, SD)(1) Maintenance Intern (Lake Crystal, MN)(1) Maintenance Internship (Ashland)(1) Maintenance Internship-Parts Room(1) Maintenance Inventory Clerk(1) Maintenance Inventory Specialist (Direct Hire, Day Shift)(1) Maintenance Journeyman - Electrician(1) Maintenance Lead 2nd Shift(1) Maintenance Lead Person(1) Maintenance Lead Person - Building(1) Maintenance Lead/Super. (Day Shift)(1) MAINTENANCE LEADER(1) Maintenance Leadership Mgr(1) Maintenance Engineer, Reliability Maintenance(1) Maintenance Electrician (Direct Hire)(1) Maintenance Mechanic - 3rd Shift Job(1) Maintenance Mechanic - Carlisle, PA (1)*(1) Maintenance Mechanic - Chanhassen, MN(1) Maintenance Mechanic - Night Crew(1) Maintenance Mechanic - Phoenix(1) Maintenance Mechanic - Seabrook, NH (Boston Area)(1) Maintenance Mechanic / Engineer(1) MAINTENANCE MECHANIC (177592)(1) Maintenance Mechanic (1st Shift)(1) Maintenance Mechanic (2nd shift)(1) Maintenance Mechanic (Boar's Head Provisions Co., Inc.)(1) Maintenance Mechanic (Food Group - Moses Lake, WA)(1) Maintenance Mechanic (Frank Brunckhorst Co. LLC)(1) Maintenance Mechanic (H5)(1) Maintenance Mechanic (metals/plastics)(1) Maintenance Mechanic (Ogden)(1) Maintenance Mechanic (Rock Springs, WY)(1) Maintenance Mechanic - 1st Shift(1) Maintenance Mechanic 2nd Shift 1:30pm-10:30pm (Chicago/Racine)(1) Maintenance Mechanic 2nd Shift - Racine(1) Maintenance Mechanic - 2nd Shift Job(1) Maintenance Manager NJ(1) Maintenance Manager, FL(1) Maintenance Mech II Weekend 1st shift(1) Maintenance Mechanic I 2nd shift(1) MAINTENANCE MECHANIC II - 3rd Shift(1) Maintenance Mechanic II 2nd shift(1) Maintenance Mechanic 3rd Shift(1) Maintenance Mechanic 3rd Shift (Chicago/ Racine)(1) Maintenance Mechanic A(1) Maintenance Mechanic A - Donald Feed Mill(1) Maintenance Mechanic B(1) Maintenance Mechanic III 1st shift(1) Maintenance Mechanic III 2nd shift(1) Maintenance Mechanic III-1st Shift(1) Maintenance Mechanic Job(1) Maintenance Mechanic Lead (Nights)(1) MAINTENANCE MECHANIC LEAD-DELI PLANT(1) Maintenance Mechanic Level 2 (Monte Alto)(1) MAINTENANCE MECHANIC LEVEL 6(1) Maintenance Mechanic Othello FG(1) Maintenance Mechanic Part-Time(1) Maintenance Mechanic Refrigeration (177264)(1) Maintenance Mechanic Riviera Beach(1) Maintenance Mechanic Technician (Class A) - Kankakee(1) Maintenance Mechanic Union Canada(1) Maintenance Mechanic-2nd Shift(1) Maintenance Mechanic-3rd shift(1) Maintenance Mechanic-Kill(1) Maintenance Mechanic/Electrician (Direct Hire, 3rd Shift)(1) Maintenance Mechanic/Engineer(1) Maintenance Mechanic/Tech(1) Maintenance Mechanics(1) Maintenance Mgr - Manteno, IL(1) Maintenance Millwright(1) Maintenance Multi-Craft Technician(1) Maintenance Multi-Craft Technician (Evening Shift)(1) Maintenance Parts Clerk(1) Maintenance Reliability Leader(1) Maintenance Planner (Pocatello, ID)(1) Maintenance Planner (Rock Springs, WY)(1) Maintenance Planner Scheduler(1) Maintenance Planner Scheduler Portage FG(1) Maintenance Planner/Scheduler(1) Maintenance PLC Technician/Mechanic (Hourly) 2nd & 3rd Shift(1) Maintenance Project Manager(1) Maintenance Systems Coordinator(1) Maintenance Systems Technician III(1) Maintenance Systems Technicians - $23-$27/hr(1) Maintenance Supervisor-3rd Shift(1) Maintenance Supervisor-H5(1) Maintenance Supervisor/Electrician (MA)(1) Maintenance Specialist(1) Maintenance Specialist 2(1) Maintenance Specialist-Electrician (2nd Shift)(1) Maintenance Steamfitter/Pipefitter(1) Maintenance Supervisor Portage FG(1) Maintenance Supervisor's(1) Maintenance Superintendent (176614)(1) Maintenance Superintendent - Nights(1) Maintenance Supervisor - Afternoons(1) Maintenance Supervisor - Brewster, OH(1) Maintenance Supervisor - Burlington(1) Maintenance Supervisor - Cicero, IL(1) Maintenance Supervisor - Elkhart, IN(1) Maintenance Supervisor - Greenwich, CT(1) Maintenance Supervisor - Millennium(1) Maintenance Supervisor - Newport(1) Maintenance Supervisor - Nights(1) Maintenance Supervisor - Placentia, CA(1) Maintenance Supervisor - Project Liberty (Emmetsburg, IA)(1) Maintenance Supervisor - Topeka, KS(1) Maintenance Supervisor / Controls Engineer(1) Maintenance Supervisor 2nd Shift(1) Maintenance Supervisor WS(1) Maintenance Supervisor (177329)(1) Maintenance Supervisor (1st Shift)(1) Maintenance Supervisor (3rd Shift)(1) Maintenance Supervisor (Chancellor, SD)(1) Maintenance Supervisor (Day Shift)(1) Maintenance Supervisor (Night Shift)(1) Maintenance Supervisor (OK)(1) Maintenance Supervisor (WI)(1) Maintenance Supervisor - 1st or 2nd Shift(1) Maintenance Supervisor - 1st SHIFT(1) Maintenance Supervisor - 1st Shift - Wellston, OH(1) Maintenance Tech -Rotating Shifts(1) Maintenance Tech – fillet equipment(1) Maintenance Tech 2(1) MAINTENANCE TECH LEAD(1) Maintenance Tech-First Shift(1) Maintenance Tech-Heiner's Bakery(1) Maintenance Technical Development Program(1) Maintenance Technical Manager(1) Maintenance Team Leader (Supervisor)(1) Maintenance Team Member(1) Maintenance Supervisor, TX(1) Maintenance Supervisor- 1st shift(1) Maintenance Technician -3rd Shift(1) Maintenance Technician (1st Shift) -LME Certification Required(1) Maintenance Technician (2nd Shift 3:30p-12a)(1) Maintenance Technician (Frank Brunckhorst Co LLC)(1) Maintenance Technician (Marel Equipment)(1) Maintenance Technician (Mechanic)(1) Maintenance Technician (night shift)(1) Maintenance Technician - $5k Signing Bonus(1) Maintenance Technician - 1st Shift(1) Maintenance Technician - 2nd(1) Maintenance Technician - Night Shift(1) Maintenance Technician - Nights $24.74-$30.75/hr - Bakery Plant(1) Maintenance Technician - Open Continuous(1) Maintenance Technician - Senior(1) Maintenance Technician -- 3rd Shift(1) Maintenance Technician 1(1) MAINTENANCE TECHNICIAN 1 | 2nd Shift, Bkry(1) ELECTRICIAN SR (177593)(1) Electrician, PLC(1) Electrician-3rd shift(1) Electrician/ Maintenance Technician(1) Electro-Mech Asmblr Associate(1) Electro-Mechanic(1) Electro-Mechanical Maintenance Technician - Boston(1) Electro-Mechanical Tech 2nd Shift(1) Electro-Mechanical Tech 2nd Shift Meadowside(1) Electro-Mechanical Tech 3rd Shift(1) Electrical Reliability Engineer(1) Electrical Technician (FG - Pasco, WA)(1) Electrical Technician I(1) Electrical Technician II(1) Electrician (177538)(1) Electrician (Ashton, IA)(1) Electrician (FG - Grand Forks, ND)(1) Electrician (Macon, MO)(1) Electrician (Unspecified Location)(1) Electrician - Industrial(1) Electrician - Level 1 (Monte Alto)(1) Electrician -2nd Shift(1) Electrician / PLC Tech(1) Electrician 3rd shift(1) ELECTRICIAN A (175830)(1) ELECTRICIAN B (177404)(1) Electrician I Moses Lake FG(1) Electrician I-Gooding, Idaho(1) Electrician II(1) Electrician Level 1 (Bells Plant)(1) ELECTRICIAN MULTICRAFT TECH (177006)(1) Electro/Instrumentation Technician(1) ELECTROMECHANICAL MAINTENANCE TECH (177616)(1) ELECTRONIC SR TECH (177612)(1) ELECTRONIC TECH C (177382)(1) Electronic Tech II(1) Electronic Technician(1) Electronics Maintenance Mechanic(1) Electronics Specialist(1) Electronics Technician A (177249)(1) Electronics Technician I(1) Electronics Technician III 1st shift(1) Electronics Technician III- 2nd Shift(1) Elevator Superintendent-Multisite/Managing(1) EMPLOYMENT PROCESS ADMIN (177763)(1) Engineer - Maintenance(1) Engineer Supervisors(1) Engineering Intern(1) Engineering Manager (FL)(1) Engineering Supervisor (Maintenance Supervisor) PMs and Weekends(1) Engineering/Maintenance Manager (NY)(1) Entry Level Mechanic(1) Environ. Resource Specialist 1(1) Equipment Operator and Maintenance Technician(1) Equipment Specialist(1) Equipment Technician(1) ERP Analyst(1) Ethanol Plant Manager(1) Fabrication Supervisor(1) Facilities / Building and Grounds- Distribution Center(1) Facilities Maintenance Assistant - Oakhurst Dairy(1) Facilities Maintenance Associate(1) Facilities Maintenance Helper(1) Fleet Mechanic, Sr(1) Fleet Mechanic- B(1) FLEET TECHNICIAN (177662)(1) FLEET TECHNICIAN (177828)(1) FLEET TECHNICIAN (177830)(1) Fleet Technician/Diesel Mechanic(1) Food Product Developer(1) Food Technologist(1) Forklift Mechanic(1) FT Maintenance Mechanic - Albany NY Bread Plant(1) FT Manufacturing Maintenance Mechanic - Olean NY(1) Fueler/Garage Helper(1) Financial Analyst(1) Financial Analyst - Jr.(1) Fire Sprinkler Estimator(1) Fire System Specialist(1) Fleet Manager I(1) Fleet Diesel Mechanic- Benefits Start Day One!(1) GRAIN OPERATOR (177644)(1) Grounds Worker(1) Groundskeeper(1) Groundskeeping - Maintenance(1) Group Leader - Utilities Maintenance Job(1) Guelph Maintenance Millwright- night shift(1) Handy Man Maintenance Mechanic and Electrician(1) HATCHERY ASST MGR (177184)(1) Hatchery Maintenance Mechanic(1) Garage Mechanic- 1st Shift(1) General Help(1) General Maintenance Technician(1) General Manager(1) General Manager JFK Airport Center Concourse(1) General Production Foreman(1) General Utility - Sanitation - Chicago Racine(1) Facilities Manager(1) Facilities Supervisor(1) Facilities-Refrigeration Maintenance Mechanic - Chanhassen, MN(1) Facility Maintenance Mechanic I(1) Facility Maintenance Mechanic III(1) Facility Maintenance Tech(1) Facility Utility Technician(1) Farm Maintenance Lead(1) Electrical/Mechanical Field Service Technician(1) Electrical Superintendent(1) Farm Maintenance Tech 1- VA(1) Farm Maintenance Tech 2(1) Farm Maintenance Technician(1) Farm Utility(1) FIELD SERVICE TECH (177311)(1) Feed Plant Manager Trainee (4)(1) Feedmill Worker- Maintenance(1) Field Cable Technician(1) Field Mechanic(1) Fleet Mechanic - B Thermo King $1000 Sign on Bonus(1) Fleet Mechanic (Diesel Technician)- Night -Benefits start first date of hire!(1) Fleet Mechanic - Int(1) Fleet Mechanic - Smithfield, VA(1) Fleet Mechanic - St. Louis, MO - $3,500 Sign On Bonus(1) Fleet Mechanic -Bethlehem(1) Fleet Mechanic C $1000 Sign on Bonus(1) Automation Technician I (second position)(1) Automotive Mechanic III(1) Automotive Welder(1) Auxiliary(1) B Shift - Parts Room Clerk(1) B22 LEAD DAY (177677)(1) Bacon Prep General Utility Lead - 2nd(1) BEEF FABRICATION SUPERVISOR- all shifts(1) Blow Molding Maintenance Mechanic(1) Blowmold Operator(1) Boiler & Refrigeration Mechanic Technician(1) Boiler Facility Maintenance Mechanic I(1) boiler operator, MN(1) Brewster Maintenance Technician- AFTERNOON SHIFT(1) Brewster Maintenance Technician- MIDNIGHT SHIFT(1) Broiler and Breeder Systems Specialist(1) Building Maintenance Mechanic(1) Ammonia Refrigeration Technician Job(1) Ammonia Technician(1) Applications Development Mgr(1) Aseptic Production Supervisor(1) ASRS Maintenance Technician(1) Asset Management Analyst(1) Assistant Maintenance Manager-Piqua OH(1) Assistant Manager Retail(1) Assistant Operations Lead(1) Assistant Production Supervisor(1) Assistant Ranch Manager Trainee - Sandy Mush Complex(1) Associate Maintenance-3rd Shift $1,000 Signing Bonus(1) Associate Technician(1) Attention all Engineering & Maintenance Professionals(1) AUTOMATION / MAINTENANCE MANAGER(1) Ammonia Refrigeration Manager(1) Ammonia Refrigeration Supervisor(1) Ammonia Refrigeration Tech.(1) 2nd Shift-Electrician(1) 3 PM Maintenance(1) 3rd Class Maintenance Mechanic(1) $27-28.50+/hr Maintenance Technician II 2nd shift (2:30pm - 11pm)(1) $28.50/hr Maintenance Technician II - 3rd Shift (10:30pm-7am)(1) 1st Class Maintenance Mechanic(1) 1st Shift Maintenance Supervisor(1) 1st shift maintenance tech(1) 1st Shift Mechanic Maintenance(1) 2 MAINTENANCE SUPERVISOR 2nd shift(1) 2019 Spring Plant Engineering Intern - Project Liberty (Emmetsburg, IA)(1) 2019 Summer Plant Engineering Intern - Project Liberty (Emmetsburg, IA)(1) 2nd Shift Maintenance Asst Manager(1) 2nd Shift Maintenance Supervisor(1) 3rd Shift Maintenance Supervisor(1) 3rd Shift Maintenance Supervisor -Ashland Facility(1) 3rd Shift Maintenance Supervisor, weekends (Interbake)(1) 3rd Shift Maintenance Technician(1) 3rd shift Maintenance Technician Job(1) 3rd Shift Process Technician(1) 3rd Shift Refrigeration Technician(1) Accountant (Coon Rapids, IA)(1) Accountant (Hudson, SD)(1) Accountant (Laddonia, MO)(1) Accountant (Marion, OH)(1) Accounting Clerk II(1) Accounting Lead(1) Accounting Specialist(1) Accounts Receivable Manager(1) Electrical and Instrumentation Technician(1) Electrical Contractor(1) Electrical Controls Technician(1) Electrical Controls, and Maintenance Supervisor(1) Electrical Engineer(1) Electrical Integrated Product Team Lead(1) Electrical Maintenance Supervisor(1) Electrical Maintenance Supervisor- 1st shift(1) E Technician 1 Idaho FG(1) E&I Maintenance Manager(1) E&I Maintenance Planner(1) EHS Manager(1) Electrical & Instrumentation Controls Engineer(1) Electrical + Instrument Tech(1) Electrical / Instrumentation Technician(1) Custodian (Marion, OH)(1) Custodian, Nights(1) Customer Care Technician(1) CUSTOMER EQUIPMENT SERVICE TECHNICIAN(1) Day Porter(1) Day Shift Custodian(1) Demand Planner(1) Department Manager, Manufacturing Maintenance(1) Diesel Mechanic- Creswell, NC(1) Diesel/ Refrigeration Mechanic, T4(1) Director Engineering & Maintenance(1) Director of Engineering(1) Director of Facilities & Maintenance(1) DIRECTOR OF MAINTENANCE AND ENGINEERING(1) Director of Operations (Meat Manufacturer)(1) Director of Rendering Operations(1) Director, Maintenance Engineering(1) Director/Maintenance Manager(1) Dishwasher, Cafe(1) Chicken Grow Out Field Supervisor(1) Class A Industrial Electrician(1) CM Director of Maintenance(1) CM Maintenance Leader(1) Administrative Support - Maintenance - Parts Clerk - PT(1) ADU Driver(1) Burlington IA Part-Time Weekend Machine Technican 2(1) Burlington, IA Electrician/Electronics Tech(1) Burlington, IA Maintenance Mechanic(1) Business Manager, Animal Nutrition(1) Cage Repair(1) Cage/Aviary Systems Specialist(1) Certified Refrigeration Operator (CIRO) (Santa Maria)(1) CFA Marination Tech Dayshift (176754)(1) Cheese Packager II(1) Chemical Plant Reliability Engineer(1) Chemistry Lab Assistant(1) CNC Maintenance Technician(1) CNC Maintenance Technician (1st or 3rd Shift)(1) Commodity Leader - Mechanical Components(1) Construction Project Field Mgr (Safety Maintenance Coordinator)(1) Construction Site Coordinator (Temporary Project) (Shelbyville, IN)(1) Controls / Manufacturing Engineer(1) Controls Automation and Electrical Supervisor(1) Controls Technician - 2nd Shift(1) Cooler Utility Worker(1) Coordinator, Corporate Facilities & Events(1) Corporate Engineering Manager(1) Crane Mechanic(1) Culinary Technician(1) CM Maintenance Planner(1) CM Maintenance Supervisor(1) CM Operations Manager(1) Melt Manager(1) MEP Design Engineer(1) Metrology/Calibration Technician(1) MHE Technician 2(1) Mid/Sr. Level Electrical Technician(1) MILLENNIUM - Maintenance Technician - Afternoon and Midnight Shifts #3088(1) Millwright 1- VA(1) Millwright 2 (Caldwell, ID)(1) Mine Mechanic 1 Vernal AB(1) Mechanic Refrig Lvl A(1) Mechanic Refrigeration/Boiler (Boar's Head Provisions Co., Inc)(1) Mechanic Tech I(1) Mechanic Technician I - 1st Shift(1) Mechanic Technician II - 2nd Shift(1) Mechanic Truck A(1) Mechanic- Maintenance Mechanic B - Shift 3(1) Mechanic-Dairy Maintenance(1) Mechanical Designer(1) Mechanic 1 AGP(1) Mechanic 1st, 2nd & 3rd Shift(1) Mechanic 2 Othello FG(1) Mechanic 2nd & 3rd Shift(1) Mechanic B, Maintenance (Boar's Head Provisions Co., Inc.)(1) Mechanic Feed Mill(1) Mechanic General Maintenance(1) Mechanic I-Gooding, Idaho(1) Mechanic (Diesel) - Warsaw, NC - Day & Night shifts(1) Mechanic (Grand View, ID)(1) Mechanic (Manufacturing) - 3rd shift(1) Mechanic - $20.14 - $26.58/hour(1) Mechanic - 3rd Shift(1) Mechanic - Class B - Entry Level(1) Mechanic - Fleet Technician(1) Mechanic - Food Manufacturing(1) Mechanic - LME Licensed - $35/hr(1) Mechanic - Maintenance Mechanic B - Shift B (Weekend PM)(1) Mechanic - Maintenance Tech - 2nd Shift(1) Mechanic – Class 310T(1) Operations Supervisor (Moreland, ID)(1) Operations Support (Stockton, CA)(1) Operations Technician - copy(1) Operations/Production Technician(1) Operator Mechanic(1) Package Operator/Mechanic Level 1 (Bells Plant)(1) Packaging Maintenance Lead Pasco (FG-Pasco, WA)(1) Packaging Maintenance Supervisor (Grand Forks, ND)(1) Packaging Mechanic Pasco (Food Group - Pasco, WA)(1) Packaging Supervisor(1) Packing Utility Operator-2nd Shift(1) Part Time Industrial Electrician(1) Part Time Maintenance Mechanic(1) Part-time Boiler Operator Blue Seal(1) Payroll & Retirement Plans Specialist(1) PC Hardware Technician(1) PC Technician(1) Pipefitter- Plumber(1) Planificateur de maintenance(1) Plant Controller- Racine Plant(1) Plant Engineer - Baking(1) Plant Engineer - Maintenance(1) Plant Engineering Intern (Big Stone City, SD)(1) Plant Engineering Intern (Bingham Lake, MN)(1) Plant Engineering Intern (Coon Rapids, IA)(1) Plant Engineering Intern (Emmetsburg, IA)(1) Plant Engineering Intern (Glenville, MN)(1) Plant Engineering Intern (Gowrie, IA)(1) Plant Engineering Intern (Groton, SD)(1) Plant Engineering Intern (Hanlontown, IA)(1) Plant Engineering Intern (Hudson, SD)(1) Plant Engineering Intern (Jewell, IA)(1) Plant Engineering Intern (Laddonia, MO)(1) Plant Engineering Intern (Leipsic, OH)(1) Plant Engineering Intern (Mitchell, SD)(1) Plant Engineering Intern (Portland, IN)(1) Plant Engineering Intern (Preston, MN)(1) Maintenance Techs- 2nd & 3rd shifts(1) Maintenance Utilities Team Leader(1) Maintenance Worker(1) Maintenance- GRAVE shift(1) Maintenance- TCPA Coordinator(1) Maintenance-Stefanos(1) Maintenance/CMM Coordinator(1) Maintenance/PSM Manager(1) Maintenane Tech(1) Manager, Fleet Maintenance(1) Manager, HR Process and Systems(1) Manager - Maintenance Job(1) Manager Operations Business - Frozen & Refrigerated(1) Manager, Bakery-Maintenance(1) Manager, Engineering(1) Manager, Facilities and Infrastructure(1) Master Mechanic (High Vacuum, 480v)(1) Master Scheduler(1) Material Handler(1) Material Handler - 1st Shift(1) Manufacturing Production/Boiler Maintenance Mechanic I(1) Manufacturing Technician(1) Manufacturing Technician (Mechanical or Electrical)(1) Master Licensed Electrician/Supervisor(1) Master Maintenance Technician(1) Manufacturing Engineer NJ(1) Manufacturing Maintenance Mechanic(1) Manufacturing Maintenance Mechanic- 2nd Shift Open(1) Manager, Mining Facility Serv(1) Manager, Supply Quality & Commercialization - Poultry(1) Manger - Engineering and Maintenance(1) Manual Machinist(1) Maintenance Technician II - 1st Shift Production(1) Maintenance Technician II 3rd shift(1) Maintenance Technician III(1) Maintenance Technician III 3rd shift(1) Maintenance Technician III, Distribution Center(1) Maintenance Technician IV - Night Shift(1) Maintenance Technician Job(1) Maintenance Technician Mechanic(1) Maintenance Technician NJ(1) Maintenance Technician V - Day Shift(1) Maintenance Technician- 1st Shift(1) Maintenance Technician-Waste Water(1) Maintenance Technician/ Electrician(1) Maintenance Tech - 2nd Shift(1) Maintenance Tech - 3rd Shift(1) Maintenance Technician- Modified Schedule (Seamer Mechanic)(1) Maintenance Technician- Night Shift(1) Maintenance Technician-Electrician(1) MAINTENANCE TECHNICIAN 1 | Bkry, 3rd Shift(1) Maintenance Technician 2(1) Maintenance Technician 3(1) Maintenance Technician D(1) Maintenance Technician I (Ashton, IA)(1) Maintenance Technician I (Cloverdale, IN)(1) Maintenance Technician I (Corning, IA)(1) Maintenance Technician I (Gowrie, IA)(1) Maintenance Technician I (Hanlontown, IA)(1) Maintenance Technician I (Hudson, SD)(1) Maintenance Technician I (Jewell, IA)(1) Maintenance Technician I (Marion, OH)(1) Maintenance Technician I (Preston, MN)(1) Maintenance Technician I - Production 1st Shift(1) Maintenance Technician I - Storage Freezer 2nd Shift(1) Maintenance Technician I / 2nd Shift / $21-25+ per hour(1) Maintenance Technician - Baltimore, MD(1) Maintenance Technician - Day Shift(1) Maintenance Technician - Elkhart, IN(1) Maintenance Technician - Louisville Jeffersonville, IN.(1) Porter(1) Power Motive Technician(1) Powerhouse Operator Assistant(1) Preventative Maintenance Mechanic - Entry Level(1) Preventive Maintenance Planner(1) Process Control & Automation Technician(1) Processing Supervisor(1) Production Coordinator(1) Production Coordinator - 3rd Shift(1) Production Line Supervisor(1) Production Machine Operator(1) Production Maintenance Mechanic I - Nights(1) Production Maintenance Mechanic III(1) Production Maintenance Supervisor(1) PM Mechanic *(1) PM Mechanic- Trainee(1) Plant Maintenance Supervisor - 2nd Shift(1) Plant Maintenance Supervisor - eggs(1) Plant Maintenance Supervisor-3rd Shift(1) Plant Maintenance Supervisor-Cut(1) Plant Technician I - Project Liberty (Emmetsburg, IA)(1) PLC & Instrumentation Tech - HM12 - copy(1) PLC Automation Technician(1) plc controls technician(1) PLC Maintenance Electrician(1) PLC Programmer(1) PLC Specialist(1) PLC Technician(1) PM and Utilities Mechanic(1) MULTICRAFT TECH (177648)(1) Nashville/Clarksville/Bowling Green Area Refrigeration Technician 2(1) Night Log/Warehouse Clerk - Int(1) Night Maintenance Supervisor (Grand Forks, ND)(1) Night Sanitation Worker, Lead(1) Night Shift MAINT SR MECHANIC (176432)(1) Night Shift Marel Maintenance Mechanic(1) NS First Processing Maintenance Superintendent(1) NS Further Processing Maintenance Superintendent(1) NS Sr Level 1st Processing Maintenance Superintendent(1) Operations Manager - pork plant(1) Plant Finance Manager(1) PLANT MAINTENANCE AND RELIABILITY MANAGER-(1) Plant Maintenance Engineer - Food Manufacturing(1) Plant Maintenance Manager(1) MBA Logistics Analyst Intern (Summer 2019)(1) Material Handling Maintenance Technician I(1) Materials Coordinator - Supply Chain(1) Plant Manager (Cloverdale, IN)(1) Plant Manager Trainee - feed mill(1) Plant Manager, Edible Beans(1) Plant Manager, TX(1) Plant MRO Inventory Specialist(1) Plant Operations/Maintenance Resource Leader(1) Plant Operator(1) Plant Reliability Engineer(1) Plant Safety & Health Supervisor(1) Plant Technician I (Alexandria, IN)(1) Plant Technician I (Big Stone City, SD)(1) Plant Technician I (Bingham Lake, MN)(1) Plant Technician I (Cloverdale, IN)(1) Plant Technician I (Emmetsburg, IA)(1) Plant Technician I (Glenville, MN)(1) Plant Technician I (Groton, SD)(1) Plant Technician I (Lake Crystal, MN)(1) Plant Technician I (Marion, OH)(1) Refrigeration/Power Plant Technician - Ammonia(1) Refrigeration/Utilities Technician - Nights - Bakery Plant(1) REFRIGERATOR/UTILITIES ENGINEER(1) Regional Controls Engineer(1) Regional Director of Quality Assurance- North America(1) Regional Grain Superintendent(1) Regional Maintenance Manager (IL)(1) Regional QA Manager (Sr.)(1) Regional Route Optimization Manager(1) Regional Sr. Quality Assurance Manager – Southeast US(1) Regional Superintendent - grain(1) Reliability & Maintenance Manager(1) Reliability Engineer(1) Refrigeration Tech(1) Refrigeration Tech, GA(1) Quality Specialist(1) Refrigeration Technician (176979)(1) Refrigeration Technician - Nights - Bakery Plant(1) Refrigeration Technician 1(1) Refrigeration Technician 3(1) Refrigeration Technician I(1) Refrigeration Mechanic, Days(1) Refrigeration Mechanics(1) Refrigeration Operator(1) Refrigeration Mechanic - 3rd(1) REFRIGERATION MECHANIC 1 | 2nd Shift(1) Refrigeration Mechanic I - 2nd Shift(1) REFRIGERATION MECHANIC II | 2nd Shift(1) Refrigeration Mechanic II 3rd shift(1) Refrigeration Mechanic II 3rd shift II $27/hr+ (plus $1.50/hr shift pay)(1) Refrigeration Mechanic II- 3rd Shift(1) RANCH FOREPERSON II NE(1) Rebuild Maintenance Planner(1) Rebuild Mechanic(1) Red Seal - Maintenance Millwright(1) REFRIG OPER (176604)(1) REFRIG OPER (177699)(1) Refrig Planner Scheduler(1) Refrigeration Maintenance Supervisor(1) Quality Assurance Specialist - CA(1) quality assurance supervisor(1) Quality Director(1) Project Engineer - Jackson, MI(1) PROJECT ENGINEERING MANAGER(1) PSM Coordinator(1) PSM Electrician Level 1 (Santa Maria)(1) Production Operator(1) Production Operator - L1 Day(1) Production Operator - L2 Grave(1) Process Engineering Manager - Centrifuges(1) Processing Maintenance Mechanic (FG - Pasco, WA)(1) Processing Maintenance Technician(1) Production Support Technician(1) PRODUCTION SUPVISOR(1) Production Team Leader(1) Production, Warehouse, Maintenance Technicians Talent(1) Production Supervisor - 3rd Shift(1) Summer Intern - Processing Operations(1) Supervisor, Bakery-Maintenance(1) Supervisor, Fleet Maintenance(1) Supervisor, Maintenance 1st and 2nd shift(1) Supervisor, Manufacturing Maintenance(1) Supervisor, Office(1) Supv Maintenance(1) Supv Maintenance - 3rd Shift(1) Swing Shift Maintenance Mechanic(1) System Administrator, Network Infrastructure(1) Systems Engineer(1) Team Lead, Equipment & Service(1) Sr. Maintenance Technician PLC(1) Sr. Maintenance Technician- LGV Tech Nights(1) Sr. Maintenance Technician-PLC(1) Sr. Reliability/Maintenance Engineer(1) Sr. Specialist, HR (Delicatessen Services Co., LLC)(1) Staff Engineer(1) Start-Up Manager(1) Statistical Forecasting Analyst(1) Summer 2019 Inventory Intern(1) Summer 2019 Research & Development Intern(1) Team Leader Maintenance (Supervisor)(1) Team Member – Sanitation / Maintenance(1) Tech 1, Bakery-Maintenance(1) Sr. Maintenance Supervisor(1) Sanitation Technician(1) Tech 3, Bakery -Maintenance(1) Technical Director(1) Technical Manager(1) Technical Services Engineer(1) Technical Supervisor (Maintenance)(1) Technical Supervisor - Maintenance(1) Sanitation Worker - Nights, 11p-7a(1) Sanitation Worker - Stock Yards Start Time 4:00 p.m.(1) Sanitation Worker Days(1) Sanitation Worker, Days(1) Sanitation Worker, Lead(1) Sanitation/Chemical Worker- 3rd Shift(1) Seamer Mechanic (Modified Schedule)(1) Second Processing Maintenance Superintendent(1) SENIOR PLANT ENGINEER (176821)(1) Senior AX Functional Analyst(1) Senior Data Engineer(1) Senior Diesel Technician / Truck Mechanic(1) Senior Electronics Technician (177250)(1) Senior Global Data Sync (GDS) Administrator(1) Senior Manager, Design Engineering(1) Senior Manager, Food Safety & Quality Assurance(1) Senior Programmer Analyst(1) Senior Regulatory Associate(1) Senior Software Engineer(1) Senior Technician, Engineering(1) Service Manager(1) Shift Superintendent - Food Manufacturing(1) Shipping/Receiving Clerk - Night(1) Showroom Manager(1) Shuttle Driver/Yard Jockey - CDL A (Doubles Endorsement Required)(1) Site Leader, Maintenance & Reliability Leader(1) Sow Farm HOD 1 (Hourly)(1) Sow Farm Manager 2(1) Specialist, Sanitation (Boars Head Provision Co.,Inc.)(1) SQF Specialist(1) Sr Supply Planner(1) Rendering Maintenance Superintendent- 1st shift(1) Replacement Utility, All Shifts, All Brackets(1) Restaurant Support(1) Rolling Stock Mechanic 2 Othello FG(1) SAFETY MANAGER(1) Sales Manager - animal feed software(1) Sanitation Laborer(1) Sanitation Manager(1) Sanitation Supervisor - 3rd Shift(1) Technician B, Maintenance(1) Technician, Field(1) Technical Writer/Editor(1) Technician - Waste Water Job(1) Technician 2, Bakery- Maintenance(1) Technician 2, Bakery-Maintenance(1) Waste Water Tech(1) Wastewater Mechanic(1) Wastewater Operator(1) Waterford, PA Maintenance Technician Day Shift(1) Welder/Fabricator(1) Wet End Mechanic (FG - Grand Forks, ND)(1) WMS Site Super User(1) WW OPER A (176580)(1) WW OPER C (177654)(1) Yardman(1) Utility Mechanic(1) VASP Team Member(1) Visions systems Tech(1) Warehouse Associate(1) Warehouse Mechanic(1) Warehouse Receiving Worker(1) Warehouse Supervisor- Military Veteran(1) Third Shift Maintenance Mechanic(1) Tool & Die Technician(1) Tool and Die Technician(1) TPM / Maintenance Manager(1) Transportation Supervisor(1) Traver Feed Mill- Utility(1) Truck Builder(1) Truck Mechanic / Trailer Mechanic(1) TRUCK SHOP TECH 1- REFER(1) TRUCK SHOP TECH MECHANIC 4 POWER(1) TRUCK SHOP TECH MECHANIC 4-REFER(1) Truck Washer(1) UNION GRAIN MAINT MECHANIC (HEAVY EQUIP MECH) (177847)(1) UNION MEAL LOADER (177759)(1) UNION SOY MAINTENANCE MECHANIC (177701)(1) UNIT LEADER (176811)(1) Utilities ICompany(265) The Judge Group(134) Smithfield Foods(119) Niagara Bottling(58) COMPANY CONFIDENTIAL(56) POETMore »(55) AmeriCold Logistics(53) Perdue Farms, Inc(51) US Foods(50) The Schwan Food Company(48) Bimbo Bakeries USA(46) J. Miles Personnel Services(45) Mountaire Farms(44) Global Employment Solutions(43) Dairy Farmers of America(33) OSI Group(32) ARYZTA, LLC(31) Conagra Brands(29) Phoenix Resource Group(28) J.R. Simplot(26) Bunge North America(24) Hearthside Food Solutions LLC(24) Land O'Lakes, Inc.(24) Shearer’s Snacks(23) Kroger Co.(21) AGRI-associates(20) Foster Farms(18) Nestle Purina PetCare Company(16) Rich Products Corporation(15) SunOpta(15) The J.M. Smucker Company(14) MRI of Lake County(13) MANAGEMENT SERVICES(13) Food Safety Net Services(13) CSM Bakery Solutions(12) Futures Consulting LLC(12) Glanbia Nutritionals(12) The Williams Company(11) Pictsweet(10) Ingredion(10) Mission Foods(10) Frank CPG Partners(10) Agropur Inc(9) CPA Food Recruitment(9) Industrial Resource Group(9) Foremost Farms USA(9) Lassonde Pappas(8) Boar's Head Brand(7) High Liner Foods(7) Michael Holm and Associates(7) Pilgrim's(7) Reser's Fine Foods(6) Lyons Magnus(5) Newly Weds Foods(5) Seaboard Triumph Foods(5) General Mills(5) Country Pure Foods(5) Wade Palmer & Associates(5) Weston Foods(4) Turano Baking Co.(4) Blount Fine Foods(4) FGF Brands(4) Dawn Foods(4) Tillamook Creamery(4) Monogram Food Solutions(4) Pinnacle Foods Corporation(4) Ocean Spray Cranberries, Inc(4) McCain Foods(4) Johnsonville, LLC(4) Joseph's Gourmet Pasta(3) Michael Morano Consulting(3) Puratos(3) Renaissance Food Group, LLC(3) Richelieu Foods(3) The Warrell Corporation(3) Schweid & Sons(3) Eagle Technical Staffing(3) Hostess Brands(3) Barry-Wehmiller(3) Chelten House Products(3) Bristol Associates(2) Bridor USA, Inc.(2) Castella Imports(2) CPS, Inc. (Consumer Products Laboratory Division)(2) CSS Farms(2) CTI Foods(2) Acme Smoked Fish(2) Atlantic Professional Recruiters(2) ATS Consulting(2) Bacardi(2) Bailey Street Bakery, LLC(2) Griffith Foods(2) Del Monte Fresh Produce(2) Flowers Baking Co. San Antonio(2) SK Food Group, Inc.(2) Sysco Foodservice(2) The Hastings Group(2) Sandridge Food Corp(2) Pharmavite(2) Philadelphia Macaroni Company(2) Merieux NutriSciences(2) Maple Donuts(2) KCO Resource Management(2) Iowa Premium(2) NextLevel Executive Search LLC(2) Mondelez International(2) Westward Seafoods Inc(2) Wade Palmer & Associates, Inc.(1) Water Lilies Food Inc.(1) Willow Tree Poultry Farm, Inc.(1) Unilever(1) Victory Processing(1) Mizkan America, Inc.(1) Oseland Associates(1) Nippon Trends Food Service Inc.(1) Nitta Gelatin(1) Pacific Seafood(1) Packers Sanitation Services, Inc.(1) Pasta Mia(1) Jim Lay & Associates(1) Leprino Foods(1) Mallard Executive Search(1) Purfoods(1) Sargento Foods Inc.(1) Schreiber Foods(1) Sabra Dipping Company, LLC(1) Restaurant Brands International(1) Suthers and Associates(1) The Wickline Group(1) The Neil Jones Food Company(1) The Original Cakerie(1) Trailblazer Foods(1) Tulkoff Food Products(1) Focus Executive Search(1) First Search America, Inc(1) Flowers Baking Co Norfolk, LLC(1) Flowers Baking Co. Bardstown(1) Flowers Baking Co. Newton, LLC(1) DeLallo Foods(1) Doumak, Inc.(1) Epi Breads(1) Ever Fresh Fruit Co(1) Fantasy Cookie(1) Fasciano Recruiting(1) GU Energy Labs(1) Global Search Network(1) Grecian Delight Foods(1) Freeland Foods(1) HR Lynx(1) Holland & Associates Inc.(1) Holsum Bakery, Inc.(1) AAK USA(1) Basic American Foods(1) Beech-Nut Nutrition Company(1) Arcobasso(1) Blue Grass Quality Meats(1) Borden Dairy(1) Damascus Bakery(1) Castle Engineering Inc(1) Corporate Search Consultants(1) Case FarmsLocation(71) ,(20) Atlanta,(19) Chicago,(17) Siler City,(17) Tar Heel,More »(16) Salina,(16) Dallas, Texas(12) Florence,(11) Ontario, California(10) Hayward,(10) Kentwood,(9) Oklahoma City, Oklahoma(9) Millsboro,(9) Fresno,(9) Denver,(9) Atlanta, Georgia(9) Princeton,(8) Rialto, California(8) Sioux City,(8) Cudahy,(8) Columbus,(8) Oakland,(8) Imperial, Pennsylvania(8) Lewiston NC,(8) Lumber Bridge,(8) Houston,(8) Indianapolis,(7) Livingston, California(7) Council Bluffs,(7) Fayetteville,(7) Aurora, Colorado(7) Albany,(7) Allentown, Pennsylvania(7) San Antonio,(7) Santa Maria,(6) Seguin, Texas(6) Selbyville,(6) Baltimore,(6) Cincinnati,(6) Emmetsburg,(6) Concord NC,(6) DALLAS,(6) Los Angeles,(6) Kansas City,(6) Grand Rapids,(6) Norfolk,(5) Newark,(5) Newport News, Virginia(5) Oklahoma City,(5) Orange City,(5) Missouri City, Texas(5) Lufkin,(5) Memphis,(5) Green Bay,(5) Hatfield, Pennsylvania(5) Crete,(5) Clear Lake,(5) Dumas,(5) Gooding,(5) Charlotte,(5) Chester, Virginia(5) Burlington,(5) Buffalo, New York(5) Alexandria,(5) Savannah,(5) Russellville,(5) Stockton, California(5) Topeka, Kansas(5) Tucker,(5) Vineland,(5) Wichita,(4) Warsaw,(4) Westchester,(4) Sulphur,(4) Swedesboro,(4) Sioux Falls,(4) Stilwell,(4) Smithfield,(4) Springdale,(4) Sacramento,(4) Rochester, Minnesota(4) San Jose,(4) San Leandro,(4) Seabrook,(4) Portland,(4) Panorama City,(4) Perry GA,(4) Phoenix,(4) Argo, Illinois(4) Boise,(4) Denison,(4) Fresno, California(4) Covington Township, Pennsylvania(4) Cumberland Gap,(4) Hudson,(4) Hamburg, Pennsylvania(4) Kalamazoo,(4) Louisville,(4) Lucerne,(4) Mesa, Arizona(4) Miami,(4) Marion,(4) Marshall,(4) Minneapolis,(4) Mooresville, North Carolina(4) Orlando,(4) Newtown,(3) Newport,(3) Newnan, Georgia(3) Mountain Top,(3) New York,(3) Nashville,(3) National Hwy, Pennsauken,(3) Modesto,(3) Montgomery,(3) Morristown,(3) Muleshoe,(3) Milwaukee,(3) Milford DE,(3) Manassas, Virginia(3) Mankato, MN,(3) Mechanicsburg, Pennsylvania(3) Jupiter, Florida(3) kinston,(3) Jeffersonville, Indiana(3) Jerome,(3) Jacksonville,(3) LA County, California(3) La Crosse,(3) Lancaster,(3) Hamilton,(3) Hamptonville,(3) Greenwich,(3) Groveland, Florida(3) Greater Toronto,(3) Grand Forks,(3) Grand Island,(3) Houston, Texas(3) Howey-in-the-Hills,(3) Hermiston,(3) Aurora,(3) dacula,(3) Darien, Wisconsin(3) Des Moines,(3) Detroit,(3) Crete, NE, Nebraska(3) Corona,(3) Cleveland,(3) Commerce City,(3) Cofield NC,(3) Georgetown DE,(3) Fall River,(3) Bolingbrook,(3) Bonner Springs,(3) Bellevue,(3) Amarillo,(3) Anderson,(3) Albuquerque,(3) Akron,(3) Caldwell,(3) Brunswick,(3) Boardman,(3) Carlstadt,(3) Philadelphia,(3) Plainfield, Indiana(3) Plantation,(3) Plover, Wisconsin(3) Omaha,(3) Pasco,(3) Paris,(3) Othello,(3) Portales,(3) Powersville,(3) Raleigh, North Carolina(3) Roanoke, Virginia(3) Santa Ana,(3) Sidney,(3) Sheboygan Falls,(3) Salisbury MD,(3) Salt Lake City,(3) SACRAMENTO AREA,(3) Romeoville,(3) Smithfield-North Plant,(3) St. Louis, Missouri(3) Stockton,(3) St. Charles,(3) St. James,(3) Sylvester,(3) Ventura, California(3) Visalia,(3) West Jordan,(2) West Chicago,(2) Wickliffe,(2) Waterloo,(2) Watertown,(2) Watkinsville,(2) Wheeling,(2) Youngstown,(2) Woburn,(2) West Valley City,(2) Valdese,(2) Van Nuys,(2) TULSA,(2) Tama,(2) Tolleson, Arizona(2) Sioux Falls, South Dakota(2) Spokane,(2) St. Louis,(2) SPRINGFIELD,(2) Rock Hill,(2) Roxboro,(2) Roanoke Rapids,(2) Salem, Oregon(2) San Antonio, Texas(2) San Diego,(2) Sherman,(2) Southeast or Latin America,(2) Schulenburg, Texas(2) Rochelle, Illinois(2) Richmond,(2) Riverside,(2) Redmond,(2) Queens,(2) Preston,(2) Portage La Prairie,(2) Portsmouth, New Hampshire(2) Portland, Maine(2) Park, Michigan(2) Peru,(2) Pocahontas,(2) Pleasant Prairie, Wisconsin(2) Plainwell,(2) Pelzer,(2) Camarillo,(2) Canton,(2) Cedar Rapids,(2) Chicago Heights,(2) Chesapeake VA,(2) Chanhassen,(2) Channahon,(2) Charlotte Metro, North Carolina(2) Chicagoland,(2) Cicero,(2) City of Industry,(2) Boston,(2) Bowling Green,(2) Branchburg,(2) Breinigsville, Pennsylvania(2) Brewster,(2) Bridgewater VA,(2) Bristol,(2) Bronxville,(2) Brooklyn, New York(2) Burbank,(2) Burley,(2) Camp Hill,(2) Allentown,(2) Allentown, PA, Pennsylvania(2) Accomac VA,(2) Accomac,(2) Ankeny,(2) Alsip,(2) Ashton,(2) Arlington,(2) Bells,(2) Bay Area,(2) Ancaster,(2) Atlanta Metro, Georgia(2) Birmingham,(2) Bensenville,(2) Belmont,(2) Big Stone City,(2) Bingham Lake,(2) Elkhart,(2) Dover,(2) Elgin,(2) Geneva,(2) Gowrie,(2) Grace City,(2) Gahanna, Ohio(2) Fontana,(2) Forest Park, Georgia(2) Fort Dodge, IA, Iowa(2) Fort Wayne,(2) FORT WORTH,(2) Fort Worth, Texas(2) Franklin,(2) Colton,(2) Columbia,(2) Columbia, South Carolina(2) Cloverdale,(2) Clovis,(2) Creston,(2) Concord,(2) Coon Rapids,(2) Des Plaines,(2) Demopolis, Alabama(2) Deer Park,(2) Darlington,(2) Davenport, IA, Iowa(2) Decatur,(2) Crookston,(2) Hauppauge,(2) Hendersonville,(2) Haverhill, MA,(2) Henderson, Colorado(2) Hurlock,(2) Indianapolis, Indiana(2) Greater Boston Area,(2) Greater Boston,(2) Glenville,(2) Greater Toronto Area,(2) Groton,(2) Greenfield,(2) Greensboro,(2) Hanlontown,(2) Greenville,(2) Halifax, North Carolina(2) Hartwell, GA, Georgia(2) Lancaster, Wisconsin(2) Kannapolis,(2) Jewell,(2) Le Sueur,(2) Lake City,(2) Lima,(2) Los Lunas, New Mexico(2) Lubbock, Texas(2) Medina,(2) Melrose, Minnesota(2) Merced,(2) Mercer,(2) Metro Detroit, Michigan(2) Madison,(2) Marrero, Louisiana(2) Mechanicsburg, PA, Pennsylvania(2) Milan,(2) Milford,(2) Milton,(2) Montgomery, Alabama(2) Monte Alto,(2) Morgantown,(2) Muskogee,(2) N Manchester,(2) New Castle, Indiana(2) Ogden, Utah(2) OH,(2) Northlake,(2) Norwich, Connecticut(2) Ninety Six,(2) North Hollywood,(2) Northbrook,(2) Northeast,(1) northern Minneapolis suburbs,(1) North Mankato,(1) NL,(1) Norristown,(1) Mt Erie,(1) Mulberry, Florida(1) Newark, Ohio(1) Newport Beach,(1) Newton,(1) NYC area,(1) Oakbrook Terrace, Illinois,(1) Oconomowoc,(1) Olean,(1) Orlando, Florida(1) Orrville, Ohio(1) NEW HAMPTON,(1) New Hope,(1) New Orleans,(1) New Ulm, Minnesota(1) New Ulm, Minnesota,(1) New Ulm, MN,(1) New York City,(1) N Manchester, Indiana(1) N/A,(1) Nampa, Idaho(1) Napa,(1) Naperville, US-IL, Illinois(1) Nashua,(1) Nashville NC,(1) NE or OH,(1) near Boston,(1) near Chicago,(1) near Friendship,(1) near Killeen,(1) near Memphis,(1) near Milwaukee,(1) near Porterville,(1) near Tampa,(1) near Tulsa,(1) near West Memphis,(1) New Bedford,(1) New Bethlehem,(1) New Brighton,(1) New Britain (Township),(1) New Britain, Connecticut(1) Moreland,(1) Moorefield,(1) Monmouth,(1) Monroe,(1) Murfreesboro,(1) Murphy,(1) Murray,(1) Moses Lake,(1) Moses Lake, Washington(1) mount holly,(1) Mount Pleasant,(1) Mount Prospect,(1) Mountain Lake,(1) Millsboro, Delaware(1) Milpitas,(1) Milford DE, Delaware(1) Milwaukee, Wisconsin(1) Minden,(1) Minneapolis, Minnesota(1) Missouri,(1) Mitchell,(1) MN,(1) Marion, Ohio(1) Marshfield, Wisconsin(1) Massillon,(1) Massillon, Ohio(1) McComb,(1) McKinney,(1) Meadville, Pennsylvania(1) major metro,(1) MANKATO,(1) Mankato, Minnesota,(1) Manteno, Illinois(1) Maple Grove,(1) Maplewood,(1) Maringá,(1) Mexico,(1) Miami Gardens,(1) Miami, Florida(1) Michigan City,(1) Middleboro, Massachusetts(1) Middlebury Center, Pennsylvania(1) Middlesboro,(1) Midwest,(1) Meridian,(1) Menomonie,(1) Melville,(1) Lumber Bridge, North Carolina(1) Luziânia,(1) Macon,(1) Lousville,(1) Lowell,(1) Lowry Crossing,(1) Lubbock,(1) Los Angeles--South Bay,(1) Lewiston,(1) Lewisvillle,(1) Lithia Springs,(1) Little Chute,(1) Little Falls,(1) Littleton,(1) Live Oak,(1) Livingston,(1) logan township,(1) Lombard,(1) Long Beach,(1) Los Angeles area,(1) Lake Crystal,(1) Lake Crystal, Minnesota(1) Lakeville,(1) Lampasas,(1) Leesport, Pennsylvania(1) Leipsic,(1) KS,(1) Johannesburg,(1) JONESBORO AREA,(1) Jonesboro,(1) Jeffersontown,(1) IN,(1) Jessup,(1) Kankakee,(1) Kansas City, Kansas(1) Kansas City-South Kansas City Plant,(1) Kent,(1) Kent, Ohio(1) Kent, Washington(1) Kansas - Bonner Springs,(1) Kiel,(1) Kiel, Wisconsin(1) La Grange,(1) La Puente,(1) Laddonia,(1) Laddonia, Missouri(1) LaGrange,(1) Lannon,(1) Laurel,(1) Laurinburg,(1) Laverne,(1) Lawrence, Kansas(1) Layton,(1) Hastings, Nebraska(1) Hatboro,(1) Hanscom AFB,(1) Harris,(1) Harrisburg,(1) Greensburg, Pennsylvania(1) Greer,(1) Grinnell,(1) Grove Hill,(1) Groveport,(1) Guelph, Ontario(1) Greater Raleigh/Charlotte/Greensboro Area,(1) Greeley,(1) Green Cove Springs,(1) Greencastle,(1) Grand Island, Nebraska(1) GRAND RAPIDS AREA,(1) Grand View,(1) Grayson,(1) Greater Albany/Saratoga Springs Area,(1) Greater Atlanta,(1) Iowa and Indiana,(1) Irvine,(1) Jackson, Michigan(1) ID,(1) Huntington,(1) Henderson, Nevada(1) Haverhill, Massachusetts,(1) Havre de Grace, Maryland(1) Houston, Texas,(1) Haverhill,(1) Hattiesburg,(1) Hazelton,(1) Hazleton,(1) Helm,(1) Henderson,(1) Hermiston, Oregon(1) Heyburn, Idaho(1) Hicksville, New York(1) Hilliard,(1) Hillsboro, Oregon(1) Hillsboro, Wisconsin(1) Hillsborough,(1) Hillside,(1) Hoboken,(1) Home Office,(1) Crown Point,(1) Cullman,(1) Cumberland,(1) Cumming,(1) Declo,(1) Dallas, TX,(1) Danvers (CDP),(1) Dayton,(1) Delavan,(1) Delhi, California(1) Delray Beach, FL,(1) Delta,(1) Denver, Colorado(1) Des Plaines, Illinois(1) Destrehan,(1) DFW,(1) Dillon SC,(1) Douglas,(1) Corning,(1) Covington,(1) Creighton,(1) Crescent Springs,(1) Crest Hill,(1) Creswell,(1) COUNCIL BLUFF,(1) Crete, Nebraska(1) Cromwell KY,(1) Coffey,(1) Cloverdale, Indiana(1) Clinton,(1) Clinton, IA, Iowa(1) CLEVELAND AREA,(1) COLUMBUS AREA OR MILWAUKEE OR MAJOR AIRPORT,(1) COLUMBUS AREA,(1) Colonial Heights,(1) Colorado Springs,(1) Company:,(1) Frederick,(1) Frederick, Maryland(1) Freeport,(1) Fremont, Nebraska(1) Fort,(1) Fountain Inn,(1) Franklin Park,(1) Fort Dodge, Iowa(1) Fort Lauderdale,(1) Fort Morgan, Colorado(1) Forrest City, Arkansas(1) Fort Dodge Iowa,(1) Gainesville GA,(1) Gainesville,(1) Garden City, Kansas(1) Gary,(1) Gastonia,(1) Frontenac, Kansas(1) Ft. Atkinson,(1) Fullerton CA,(1) GA,(1) Gaffney, South Carolina(1) Goshen,(1) Gibson City,(1) Elizabeth,(1) ELK GROVE VILLAGE,(1) Elk Grove,(1) Downers Grove,(1) Dublin,(1) Dubuque, Iowa(1) Duncan,(1) Dunkirk, NY, New York(1) Dunmore,(1) Durham,(1) Dutch Harbor, Alaska,(1) East Chicago,(1) East,(1) Eastvale,(1) Edgewood,(1) El Dorado Springs, Missouri(1) Ellijay,(1) Elmhurst,(1) Florenceville-Bristol, Canada,(1) Fayetteville, Arkansas(1) Federalsburg,(1) Findlay,(1) Firebaugh,(1) FL,(1) Fallon, Nevada(1) Fareham,(1) Farmington, Minnesota(1) Emmetsburg, Iowa(1) Euclid,(1) Evansville,(1) Fair Lawn, US-NJ, New Jersey(1) Fairmont City,(1) Bingham Lake, Minnesota(1) BELVIDERE,(1) Bentonville,(1) Berkeley,(1) Berwyn,(1) Bethlehem,(1) Blackfoot,(1) Bladenboro, North Carolina(1) Bloomfield, Connecticut(1) Bloomfield, MO, Missouri(1) Bloomsburg, Pennsylvania(1) Blue Island,(1) Boring / Portland area,(1) Attleboro,(1) Aurora, Oregon(1) Austell,(1) Austin,(1) Azusa,(1) Bainbridge PA,(1) Beaver Dam,(1) Beaverton,(1) Bellaire,(1) Belleview,(1) Bells, Tennessee(1) Bardstown,(1) Arnold,(1) Arvin,(1) ASHEVILLE,(1) Astoria,(1) Athens, Wisconsin(1) Amsterdam,(1) Anaheim,(1) Altona,(1) Altoona,(1) Allerton,(1) ANN ARBOR,(1) Archbald,(1) Address:,(1) Ahoskie,(1) 1 Devilsfood Drive, North Sioux City, SD, South Dakota(1) 150 boul. Industriel, Napierville, QC, Quebec(1) 2095 Meadowvale Blvd., Mississauga, ON, Ontario(1) 30213, GA, Georgia(1) 4280 - 23rd Street N.E., Calgary, AB, Alberta(1) Abilene,(1) Aliquippa,(1) AL,(1) Camp Hill, PA,(1) Candor NC,(1) Candor,(1) Calumet,(1) Brwonsville,(1) Buda, Texas(1) Buffalo,(1) Burlington, Iowa(1) Burlington, Washington(1) Burnaby,(1) Byhalia, Mississippi(1) Cabool, Missouri(1) Cairo,(1) Brewster, Ohio(1) Bridgeville,(1) Brantford,(1) Brea, California(1) Breinigsville,(1) Breinigsville, PA, Pennsylvania(1) Boulder,(1) Boiling Springs,(1) City of Industry, California(1) Clackamas,(1) Clarksville,(1) Clarkton, North Carolina(1) Cinnaminson,(1) Chattanooga,(1) Chesapeake,(1) Chicago Metro, Illinois(1) Cedarburg, Wisconsin(1) Central Minnesota,(1) CENTRAL WA AREA,(1) Chancellor,(1) Cardinal,(1) Carlisle,(1) Cambridge City,(1) Carneys Point,(1) Carolina's,(1) Carroll,(1) Carson City,(1) Carson, California(1) Carthage, Missouri(1) Cass City, Michigan(1) Cave City,(1) Plant City,(1) Phoenix, Arizona(1) Pine Island, Minnesota(1) Piqua Ohio,(1) Pittsburg,(1) Pittsburgh,(1) Placentia,(1) Pleasanton,(1) Pleasanton, California(1) Pocatello,(1) Pomeroy,(1) Plum Springs,(1) Plymouth,(1) Peterborough,(1) PHILADELPHIA AREA,(1) Perry,(1) Pedro Afonso,(1) Ontario,(1) Parsippany-Troy Hills,(1) Ottumwa,(1) oxford,(1) Oxnard,(1) Palmdale,(1) Portland, Oregon(1) Portsmouth,(1) Porterville, California(1) Portland Oregon,(1) Princeton, Missouri(1) Puyallup, Washington(1) Raeford,(1) Raliegh,(1) Redwood,(1) Reedsburg, Wisconsin(1) REMOTE,(1) Rice Lake, Wisconsin, Wisconsin(1) Richfield,(1) Richland Center, Wisconsin(1) RIVERSIDE, CA, DALLAS, TX, ATLANTA GA AREAS,(1) Riviera Beach,(1) Richwood,(1) Rochester Area,(1) Rochester,(1) Scottsdale/Phoenix area,(1) SD,(1) Scaggsville,(1) Schulenburg,(1) Santa Clara,(1) Santa Cruz,(1) Santa Maria, California(1) Sarasota, Florida(1) Seabrook, New Hampshire(1) Seaford,(1) Seattle,(1) Sebree, Kentucky(1) Selbyville, Delaware(1) Selah,(1) Southern Michigan (not Detroit),(1) Southern MN,(1) Southern Nevada,(1) Southfield,(1) Sparta, Wisconsin(1) Spencer,(1) Spencer, Wisconsin(1) Shreveport,(1) Shreveport, Louisiana(1) Shelbyville,(1) Sidney, Ohio(1) Sioux Center IA,(1) Sioux Center,(1) San Fernando, California(1) San Francisco,(1) SAN BERNARDINO,(1) San Mateo,(1) Sandston,(1) Salem, Virginia(1) Salt Lake City, Utah(1) San Antonio area,(1) Russell, Kansas(1) Sacramanto,(1) Saginaw,(1) Saint Joseph, Missouri(1) Saint Louis,(1) Salem,(1) Rock Springs,(1) Rockwell,(1) Rolla, Missouri(1) Rose Hill,(1) Roseland, Louisiana(1) Roseville,(1) Roseville, Minnesota(1) ROSWELL,(1) Roswell, New Mexico(1) Springfield, Missouri(1) St. Ann,(1) Snelling, California(1) Snowflake,(1) South East,(1) South Elgin,(1) St. Paul,(1) St. Petersburg, Florida(1) Stamford,(1) State College,(1) Statesville, North Carolina(1) Sterling,(1) Stillwater,(1) St. Joseph, MO, Missouri(1) Tacoma,(1) Sylmar,(1) Stone Mountain,(1) Stoughton,(1) Sulpher Springs,(1) Sulphur Springs,(1) Sulphur Springs, TX, Texas(1) Tomah, WI, Wisconsin(1) Topeka,(1) Tampa, Florida(1) Tulare,(1) Tulare, California(1) Torrance,(1) Traver, California(1) Taunton, Massachusetts(1) Tavares,(1) Tell City,(1) Tillamook,(1) Tipton,(1) Toledo,(1) Tolleson,(1) TX,(1) Tysons Corner,(1) Unalaska,(1) Union Center, Wisconsin(1) Union City,(1) Union,(1) United States,(1) Up State,(1) Vaughan, ON,(1) Valparaiso,(1) Vernal,(1) Vernon,(1) Villa Rica,(1) Woodburn, Oregon(1) Woodway,(1) Woonsocket,(1) Wooster,(1) Wyoming,(1) Yankton,(1) Yorkton,(1) Yorkville,(1) Yuma,(1) WHITE PLAINS AREA,(1) Whitehall,(1) Western NY State,(1) Western PA,(1) WESTERN,(1) Westover,(1) Westport, WA,(1) Waukegan,(1) Waverly,(1) Wellston,(1) Wenona,(1) West Bend, US-WI, Wisconsin(1) West Caldwell,(1) West Chester,(1) Wakefield,(1) Wallula, Washington(1) Walton,(1) Walton, Kentucky(1) Ward,(1) Warrenville,(1) Washington ,(1) Washington,(1) Waterford,(1) Waterford, Pennsylvania(1) Wilmington,(1) Wilmington, Massachusetts(1) Winesburg,(1) Winnipeg,(1) Winnsboro, Texas(1) Wisconsin Rapids, WI, Wisconsin(1) Wisconsin Rapids, Wisconsin,(1) West Columbia,(1) West Hazleton,(1) West Hills, California(1) West University Place,(1) Vinita Park, MissouriSource(1878) CareersInFood.comEmployer/Recruiter(1291) Employer(587) RecruiterMachine Operator - Night ShiftGlobal Employment Solutions HurlockId: 153413 Location: Hurlock, MD Job Type: Direct Hire Machine Operators – Night Shift GES is actively setting up interviews for Machine Operators with at least one year of experience operating Production Equipment in an industrial environment. Mach...Source: CareersInFood.com Updated 774 days 8 hours ago - show optionsView All Global Employment Solutions jobs at CareersInFood.comGoogle Search: Global Employment SolutionsMap of HurlockEmail this job to a friend	Machine Operator II - PlatesGlobal Employment Solutions HurlockId: 153412 Location: Hurlock, MD Job Type: Direct Hire Machine Operators – Day Shift GES is actively setting up interviews for Machine Operators with at least one year of experience operating Production Equipment in an industrial environment. Machin...Source: CareersInFood.com Updated 774 days 8 hours ago - show optionsView All Global Employment Solutions jobs at CareersInFood.comGoogle Search: Global Employment SolutionsMap of HurlockEmail this job to a friend	Production SupervisorIndustrial Resource Group SelahJob Description: A food and beverage manufacturing facility in the Selah, WA area is seeking a Production Supervisor for their 2nd or 3rd shift. The Production Supervisor is responsible for supervising the plant production and maintenance on a producti...Source: CareersInFood.com Updated 774 days 8 hours ago - show optionsView All Industrial Resource Group jobs at CareersInFood.comGoogle Search: Industrial Resource GroupEmail this job to a friend	Supervisor, OfficeAmeriCold Logistics CreteOverview Americold provides temperature-controlled warehousing and transportation to food producers, restaurants, schools and retail outlets such as grocery stores. We're proud to provide an essential link in the food and beverage industry supply ...Source: CareersInFood.com Updated 774 days 9 hours ago - show optionsView All AmeriCold Logistics jobs at CareersInFood.comGoogle Search: AmeriCold LogisticsMap of CreteEmail this job to a friend	Fleet Mechanic (Diesel Technician)- Night -Benefits start first date of hire!US Foods MemphisMechanic will be responsible for the troubleshooting, repair and maintenance of the Fleet road equipment including tractor, trailer, Detroit diesel, thermo-king, converter dolly and maintenance vehicles. Ensure compliance with all State and Federal trucki...Source: CareersInFood.com Updated 774 days 9 hours ago - show optionsView All US Foods jobs at CareersInFood.comGoogle Search: US FoodsMap of MemphisEmail this job to a friend	Project Engineer - Jackson, MIDawn Foods Jackson, MichiganThe Project Engineer may be responsible for the management and support of key projects from inception to completion at one or more of Dawn's U.S. locations. Projects can range from the redesigning of existing manufacturing lines, installation of new m...Source: CareersInFood.com Updated 774 days 9 hours ago - show optionsView All Dawn Foods jobs at CareersInFood.comGoogle Search: Dawn FoodsMap of Jackson, MichiganEmail this job to a friend	Maintenance ManagerDairy Farmers of AmericaThis position supervises the work activities of the plant maintenance employees and/or the Boiler Engineers on all shifts who engage in the repair, upkeep, and monitoring of all production processing, packaging, refrigeration, boilers and other support eq...Source: CareersInFood.com Updated 774 days 9 hours ago - show optionsView All Dairy Farmers of America jobs at CareersInFood.comGoogle Search: Dairy Farmers of AmericaMap ofEmail this job to a friend	Operations/Production TechnicianDairy Farmers of AmericaSafely make and deliver a quality product right the first time that meet or exceeds company and customer expectations. Perform as a member of the Operations Team. Perform tasks required to work safely around manufacturing equipment; work safely in handlin...Source: CareersInFood.com Updated 774 days 9 hours ago - show optionsView All Dairy Farmers of America jobs at CareersInFood.comGoogle Search: Dairy Farmers of AmericaMap ofEmail this job to a friend	Regional Controls EngineerDairy Farmers of AmericaRegional Controls Engineer Location: 330 S. Highway 83 Garden City, Kansas, 67846 United States Company: Meadowlark Dairy Nutrition, LL Req Num: 8667 Job Description Manage and support assigned 3-5 plants electrical and controls related main...Source: CareersInFood.com Updated 774 days 9 hours ago - show optionsView All Dairy Farmers of America jobs at CareersInFood.comGoogle Search: Dairy Farmers of AmericaMap ofEmail this job to a friend	Warehouse Receiving WorkerDairy Farmers of AmericaGeneral Purpose: Safely make and deliver a quality product right the first time that meet or exceeds company and customer expectations. Perform as a member of the Operations Team. Perform tasks required to load and unload trucks, stock and maintain the...Source: CareersInFood.com Updated 774 days 9 hours ago - show optionsView All Dairy Farmers of America jobs at CareersInFood.comGoogle Search: Dairy Farmers of AmericaMap ofEmail this job to a friend	Maintenance Supervisor - 2nd shiftDairy Farmers of AmericaTo build and maintain a team approach through respect and communication at all levels. Under general supervision from the Maintenance Manager, this position will create and implement a written preventative maintenance plan, a computerized parts inventory ...Source: CareersInFood.com Updated 774 days 9 hours ago - show optionsView All Dairy Farmers of America jobs at CareersInFood.comGoogle Search: Dairy Farmers of AmericaMap ofEmail this job to a friend	Maintenance MechanicDairy Farmers of AmericaMaintenance Mechanic Maintenance Mechanic The Maintenance Mechanic maintains and improves all production equipment and facility installations to assure and restore proper operation. Maintains efficient operations of all production equi...Source: CareersInFood.com Updated 774 days 9 hours ago - show optionsView All Dairy Farmers of America jobs at CareersInFood.comGoogle Search: Dairy Farmers of AmericaMap ofEmail this job to a friend	Electrical Maintenance TechnicianDairy Farmers of AmericaElectrical Maintenance Technician Perform preventative maintenance and/or repairs of production and processing equipment as well as utility related equipment, following all safety procedures. Support the installation of new equipment. Installs e...Source: CareersInFood.com Updated 774 days 9 hours ago - show optionsView All Dairy Farmers of America jobs at CareersInFood.comGoogle Search: Dairy Farmers of AmericaMap ofEmail this job to a friend	Mechanic 1Smithfield Foods PrincetonTransportation Mechanic - (Princeton) - Weekend Shift- Full Time H05Source: CareersInFood.com Updated 774 days 9 hours ago - show optionsView All Smithfield Foods jobs at CareersInFood.comGoogle Search: Smithfield FoodsMap of PrincetonEmail this job to a friend	Maintenance Technician 3Smithfield FoodsEmployee is responsible for preventive maintenance and repair of processing and packaging equipment in the facility. In addition to these skills, this individual will be responsible for safe and compliant operation of refrigeration, ammonia, HVAC and engi...Source: CareersInFood.com Updated 774 days 9 hours ago - show optionsView All Smithfield Foods jobs at CareersInFood.comGoogle Search: Smithfield FoodsMap ofEmail this job to a friend	Page: 1 2 3 4 5 6 7 8 9 10 11 Next >>Home| Browse| About| Contact© 2011 CareerSpecific"
