"Bhopal Archives - Jobscampuses.comjobs@jobscampuses.comLoginRegisterJob PostSearch jobsToday jobsToday Walkin jobs in HyderabadToday walkin jobs in BangaloreToday walkin jobs in ChennaiToday walkin jobs in GurgaonToday walkin jobs in DelhiToday walkin jobs in MumbaiWalkin jobsWalkins jobs in HyderabadWalkin jobs in BangaloreWalkin jobs in ChennaiWalkin jobs in MumbaiWalkin jobs in PuneWalkin jobs in KolkataWalkin jobs in GurgaonWalkins jobs in NoidaWalkins jobs in AhmedabadWalkins jobs in VijayawadaJobs by LocationJobs in DubaiJobs in FrankfurtJobs in AustraliaJobs in HyderabadJobs in BangloreJobs in ChennaiJobs in MumbaiJobs in PuneJobs in KolkataJobs in AdilabadJobs in GurgaonJobs in NoidaJobs in AhmedabadJobs in VijayawadaJobs in Andhra PradeshJobs in AgartalaJobs in AgraJobs in AhmedabadJobs in AhmednagarJobs in AizawlJobs in AjmerJobs in AkolaJobs in Alappuzha / AlleppeyJobs in AligarhJobs in AllahabadJobs in AlwarJobs in AmbalaJobs in AmravatiJobs in AmritsarJobs in AnandJobs in AnantapurJobs in Andaman and Nicobar IslandsJobs in AngulJobs in AnkleshwarJobs in Arunachal PradeshJobs in AsansolJobs in AssamJobs in AurangabadJobs in AustraliaJobs in BaddiJobs in BahraichJobs in BangaloreJobs in BanswaraJobs in BanurJobs in BaramatiJobs in BareillyJobs in BarmerJobs in BarnalaJobs in BathindaJobs in BawalJobs in BelgaumJobs in BellaryJobs in BhagalpurJobs in BharuchJobs in BhavnagarJobs in Abu DhabiJobs in BahrainJobs in AlbamaJobs in AlsterJobs in AnnistonJobs in Arad, BahrainJobs in BerlinJobs in Berlin WallJobs in BhilaiJobs in BhilwaraJobs in BhiwadiJobs in BhiwaniJobs in BhopalJobs in BhubaneshwarJobs in BhujJobs in BidarJobs in BiharJobs in BijnorJobs in BikanerJobs in BilaspurJobs in BokaroJobs in BurdwanJobs in ChambaJobs in ChandigarhJobs in ChandrapurJobs in ChattisgarhJobs in ChennaiJobs in ChiplunJobs in CoimbatoreJobs in CuddaloreJobs in CuddapahJobs in CuttackJobs in Dadra and Nagar HaveliJobs in DahejJobs in DalhousieJobs in Daman and DiuJobs in DavangereJobs in DehradunJobs in DelhiJobs in DhanbadJobs in DharmasalaJobs in DharuheraJobs in DharwadJobs in DhuleJobs in DibrugarhJobs in DimapurJobs in DurgapurJobs in Ernakulam / Kochi / CochinJobs in ErodeJobs in FaizabadJobs in FaridabadJobs in FaridkotJobs in FirozpurJobs in Brandenburg GateJobs in ChickasawSearch jobs by skillsSpring jobsSpring Jdbc jobsSpring Aop jobsSpring batch jobsSpring boot jobsSpring jdbc jobsSpring Mvc jobsSpring web services jobsBPO jobsCall centre jobsInternational call centre jobsBpo jobsDomestic bpo jobsInternational Bpo jobsInternational voice processCommunication skill jobsJava jobsCore java jobsJava 8 jobsJava 9 jobsJava Architech jobsJava bean util jobsjava concurrency jobsJava cryptography jobsJava freshers jobsLatest java openingsCore java jobsJava internalization jobsJava generics jobsJava trainee openingsJava Xml jobsSenior java developer jobsJ2ee jobsJdbc jobsPhp JobsPhp jobsCore Php jobsPhp developer jobsFuel Php jobsPhp fresher jobsCake Php jobsphp 7 jobsBoot strap jobsBoot strap 4 jobsCodeigniter jobsWeb Designer jobsHtml jobsHtml 5 jobsHtml designer jobsHtml developer jobsSenior Html developer jobsDhtml jobsCss jobsCss button jobsPure Css jobsW3css jobsJava Script developer jobsEmployer ZoneSearch by KeywordsRadius SearchSearch by CategoriesSelect an optionAccountingAerospaceAll jobsApprenticeAutomobileAutomotiveBankingBPOChemicalCivilComputerConstructionConsultantCustomer ServiceDesignerDETDevelopmentDigital Marketing JobsDigital ServiceE CommerceEducationElectricalElectronicsEngineeringFitness TrainerFood ServiceFresher jobsFreshersGETGovernmentGraduate TraineeGulf jobsHealth and CareHRHR jobsHuman ResourceIndustryInformation TechnologyInstrumentationInternshipIT/Software JobsJob FairsManagement TraineeManufacturingMarketingMechanicalMechatronicsMetallurgyNetworkingOff CampusOil & GasOnlineOther ServicesPart time jobsPharmacyPipingProductionSAPSecuritySoftware It jobsSoftware jobsTelecomTestingWalk-In JobsWalkin JobsWeb DesignerWeb DevelopmentSearch By LocationsSelect an optionAbu DhabiAdilabadAfghanistanAgartalaAgraAhmadiAhmedabadAhmedabad, GujaratAhmedabad, Gujarat (+1 other)AhmednagarAizawlAjmanAjmerAjmer, RajasthanAjmer, Rajasthan (+4 others)AkolaAl AinAlappuzha / AlleppeyAligarhAllahabadAlwarAmbalaAmravatiAmritsarAnandAnantapurAndaman and Nicobar IslandsAndhra PradeshAngolaAngulAnkeny, IA, USAAnkleshwarAnnapolis, MD, United StatesAnywhereArgentinaArmeniaArunachal PradeshAsansolAssamAtlanta, GA, United StatesAtlanta, GA, USAAugusta, GA, United StatesAurangabadAurangabad, MaharashtraAustin, TX, USAAustraliaAustraliaBaddiBahraichBahrainBangaloreBangalore,KarnatakaBangloreBanswaraBanurBaramatiBareillyBarmerBarnalaBathindaBawalBegusarai, BiharBeijing, ChinaBelgaumBellaryBengaluru, KarnatakaBengaluru, Karnataka (+1 other)Bengaluru, Karnataka (+2 others)Bengaluru, Karnataka (+3 others)Bengaluru, Karnataka, IndiaBhagalpurBharuchBharuch, GujaratBhavnagarBhilaiBhilwaraBhiwadiBhiwaniBhopalBhubaneshwarBhubaneswar, OdishaBhujBidarBiharBijnorBikanerBilaspurBoca Raton, FL, USABokaroBoston, MA, USABuffalo, NY, USABurdwanCalifornia, USACambridge, MA, United StatesCambridge, MA, USACentral Delhi, DelhiChambaChandigarhChandrapurChattisgarhChennaiChennai, Tamil NaduChennai, Tamil Nadu, IndiaChicago, IL, USAChiplunCoimbatoreCoimbatore, Tamil NaduCoimbatore, Tamil Nadu, IndiaColorado, USACuddaloreCuddapahCuttackDadra and Nagar HaveliDahejDalhousieDallas, TX, USADaman and DiuDavanagere, KarnatakaDavangereDehradunDelhiDelhiDenver, CO, USADhalai, TripuraDhanbadDharmasalaDharuheraDharwadDhuleDibrugarhDimapurDohaDubaiDubai - United Arab EmiratesDurgapurDurham, NC, USAEastern ProvinceElkridge, MD, USAErnakulam / Kochi / CochinErodeFaizabadFaridabadFaridabad, HaryanaFaridkotFarmington Hills, MI, USAFirozpurFort Lauderdale, FL, USAFramingham, MA, USAFujairahGajraulaGandhidhamGandhinagarGanganagarGangtokGayaGermanyGhaziabadGhaziabad, Uttar PradeshGirGoaGodhraGorakhpurGreater NoidaGujaratGulbargaGuntakalGunturGurdaspurGurgaonGurugram, HaryanaGurugram, Haryana (+1 other)Gurugram, Haryana, IndiaGuwahatiGuwahati, AssamGwaliorHaldiaHaldwaniHaridwarHaryanaHazaribagh, JharkhandHimachal PradeshHisarHoboken, NJ, USAHoshiarpurHospetHosurHouston, TX, USAHubliHyderabadHyderabad / SecunderabadHyderabad, TelanganaHyderabad, Telangana (+1 other)Hyderabad, Telangana, IndiaIdukkiImphalIndiaIndoreIndore, Madhya PradeshJabalpurJackson, MI, USAJaipurJaipur, RajasthanJaisalmerJalandharJalgaonJammuJammu and KashmirJamnagarJamshedpurJeddahJhabua, Madhya PradeshJhabua, Madhya Pradesh (+1 other)JhansiJharkhandJharsugudaJindJobs in Bengaluru / BangaloreJodhpurJonesboro, AR, USAJunagadhKakinadaKalaKalpakkamKamalapuramKanchipuramKandlaKannur / CannannoreKanpurKanyakumari, Tamil NaduKapurthalaKarimnagarKarnalKarnatakaKarurKasargodeKashipurKatniKeralaKhammamKharagpurKhopoliKochi, KeralaKohimaKolarKolhapurKolkataKolkata, West BengalKolkata, West Bengal, IndiaKollam / QuilonKoppalKorbaKotaKottayamKozhikode / CalicutKullu/ManaliKurnoolKurukshetraKuwaitLa Jolla, CA, USALakhtarLakshadweepLancaster, PA, USALincolnshire, IL, USALos Angeles, CA, USALouisville, KY, USALucknowLucknow, Uttar PradeshLudhianaMadhapur, TelanganaMadhya PradeshMadina, Telangana (+7 others)MadinahMaduraiMadurai, Tamil NaduMaharashtraMainpuri, Uttar PradeshMainpuri, Uttar Pradesh (+2 others)MakkahMalappuramMamandurManamaMandiManesarMangaloreManipurMapusa, GoaMapusa, Goa, IndiaMathuraMeerutMeghalayaMehsanaMira Bhayandar, MaharashtraMizoramMogaMohaliMontana, USAMoradabadMorindaMount AbuMountain View, CA, USAMumbaiMumbai SuburbsMumbai, MaharashtraMumbai, Maharashtra (+1 other)Mumbai, Maharashtra, IndiaMundraMungerMuscatMuzaffarpurMysoreNagalandNagarNagercoilNagpurNagpur, MaharashtraNashik, MaharashtraNasikNavi MumbaiNavi Mumbai, MaharashtraNavi Mumbai, Maharashtra (+1 other)NeemranaNelloreNew delhiNew Delhi, DelhiNew Delhi, Delhi (+1 other)New Delhi, Delhi (+3 others)New Delhi, Delhi, IndiaNew York, NY, USANewington, CT, USANizamabadNOIDANoida, Uttar PradeshNorfolk, VA, USANorth Delhi, Delhi, IndiaOdishaOmanOotyOraiOverland Park, KS, USAPakistanPalakkad / PalghatPalo Alto, CA, USAPalwalPanchkulaPanipatPanjim / PanajiPantnagarParadeepPathanamthittaPathankotPatialaPatnaPatna, BiharPhagwaraPhiladelphia, PA, USAPondicherryPorbandarPort BlairPortland, ME, USAPunePunePune, MaharashtraPune, Maharashtra (+1 other)Pune, Maharashtra, IndiaPunjabPunjab, IndiaPuriQatarRahway, NJ, USARaigadRaigarhRaipurRajahmundryRajasthanRajkotRajkot, GujaratRajpuraRamanathapuram, Tamil NaduRanchiRas Al KhaimahRatlamRatnagiriRewaRewariRichmond, VA, USARiyadhRohtakRoorkeeRourkelaRudrapurRupnagarSaharanpurSalalahSalemSalem, Tamil NaduSambalpurSan Antonio, TX, USASan Bruno, CA, USASan Diego, CA, USASan Francisco, CA, USASan Leandro, CA, USASangrurSataraSatnaSaudi ArabiaSchenectady, NY, USASeattle, WA, USASharjahShillongShimlaShimogaSikkimSilcharSiliguriSilvassaSolapurSonepatSouth Delhi, New Delhi, DelhiSrinagarSuratSurat, GujaratSurendranagarTamil NaduTarapurTeaneck, NJ, USATelanganaTezpurThaneThane, MaharashtraThanjavurThiruvananthapuram, KeralaThrissur / TrichurTinley Park, IL, USATirunelveliTirupatiTirupati, Andhra PradeshTirupati, Andhra Pradesh (+9 others)TrichyTripuraTrivandrumTumkurTuticorinUAEUAEUdaipurUjjainUnion TerritoriesUnited StatesUSAUttar PradeshUttarakhandVadodara / BarodaVadodara, GujaratValsadVapiVaranasiVasaiVasai-Virar, MaharashtraVasco Da GamaVelloreVeravalVijayawadaVisakhapatnam / VizagVisakhapatnam, Andhra PradeshWaltham, MA, USAWarangalWaterman, IL, USAWayanadWest BengalWest Point, PA, USAWestborough, MA, USAWilmington, DE, USAYamunanagarYanbuJobs by QualificationBachelorMasterPHDB.tech/BEDegree/DiplomaPG/PHDIntermediateSSCMSPost GraduateMBAMCAM.ScM.PharmM.ComITIDiplomaBCABBAB.ScB.PharmB.ComAMIEAny degreeNot mentionedAny Graduate - Any SpecializationbtechShow moreJobs by Experience1 year2 year3 year4 year5 year1-2 years1-3 years2-3 years3-4 years4-5 years5-6 years6-7 years7-8 years8-9 years9-10 years10-11 years11-12 years12-13 years13-14 years14-15 years0-1 years15-16 years16-17 years17-18 years18-19 years19- 20 years20 years above1-4 years1-5 years1-6 years1-7 years1-8 years1-9 yearsShow moreJobs by Salary0-1000010000-2000020000-3000030000-4000040000-5000050000-1 K1K-2K2K-3K3K-4K4K-5K5K-6K6K-7K7K-8K8K-9K9K-10K10K-11K11K-12K12K-13K13K-14K14K-15K15K-16K16K-17K17K-18K18K-19K19K-20K20K + and Abovenot mentionedAs per standardsMonthlyRupeesYearlyShow moreAdvettise your website hereNo Result FoundGet in TouchAre you interested in jobscampuses new features and update?Job LocationsAlbamaAnnistonBangaloreChennaiChickasawDelhiDubaiGermanyHamburgHyderabadKolkataMumbaiPuneVijayawadaGet Our AppsGet it onPlay storeGet it onApple storeHot LinksAboutAdvertise with usCandidatesContactDisclaimerPrivacy PolicySigninSignupTerms & ConditionsAll rights reserved. jobscampuses.comUploading×Want to subscribe job alerts?Alert Name*Your Email*Select email frequency* DailyWeeklyFortnightlyMonthlyYearlyAdd your current location*Job Type* Select an optionContractFreelanceFull timeFull typeFulltypeInternshipPart timeTemporaryWalkin jobsJob Experience* Select an option0-1 years1 year1-2 years1-3 years1-4 years1-5 years1-6 years1-7 years1-8 years1-9 years10-11 years11-12 years12-13 years13-14 years14-15 years15-16 years16-17 years17-18 years18-19 years19- 20 years2 year2-3 years20 years above3 year3-4 years4 year4-5 years5 year5-6 years6-7 years7-8 years8-9 years9-10 yearsJob Location* Select an optionAbu DhabiAdilabadAfghanistanAgartalaAgraAhmadiAhmedabadAhmedabad, GujaratAhmedabad, Gujarat (+1 other)AhmednagarAizawlAjmanAjmerAjmer, RajasthanAjmer, Rajasthan (+4 others)AkolaAl AinAlappuzha / AlleppeyAligarhAllahabadAlwarAmbalaAmravatiAmritsarAnandAnantapurAndaman and Nicobar IslandsAndhra PradeshAngolaAngulAnkeny, IA, USAAnkleshwarAnnapolis, MD, United StatesAnywhereArgentinaArmeniaArunachal PradeshAsansolAssamAtlanta, GA, United StatesAtlanta, GA, USAAugusta, GA, United StatesAurangabadAurangabad, MaharashtraAustin, TX, USAAustraliaAustraliaBaddiBahraichBahrainBangaloreBangalore,KarnatakaBangloreBanswaraBanurBaramatiBareillyBarmerBarnalaBathindaBawalBegusarai, BiharBeijing, ChinaBelgaumBellaryBengaluru, KarnatakaBengaluru, Karnataka (+1 other)Bengaluru, Karnataka (+2 others)Bengaluru, Karnataka (+3 others)Bengaluru, Karnataka, IndiaBhagalpurBharuchBharuch, GujaratBhavnagarBhilaiBhilwaraBhiwadiBhiwaniBhopalBhubaneshwarBhubaneswar, OdishaBhujBidarBiharBijnorBikanerBilaspurBoca Raton, FL, USABokaroBoston, MA, USABuffalo, NY, USABurdwanCalifornia, USACambridge, MA, United StatesCambridge, MA, USACentral Delhi, DelhiChambaChandigarhChandrapurChattisgarhChennaiChennai, Tamil NaduChennai, Tamil Nadu, IndiaChicago, IL, USAChiplunCoimbatoreCoimbatore, Tamil NaduCoimbatore, Tamil Nadu, IndiaColorado, USACuddaloreCuddapahCuttackDadra and Nagar HaveliDahejDalhousieDallas, TX, USADaman and DiuDavanagere, KarnatakaDavangereDehradunDelhiDelhiDenver, CO, USADhalai, TripuraDhanbadDharmasalaDharuheraDharwadDhuleDibrugarhDimapurDohaDubaiDubai - United Arab EmiratesDurgapurDurham, NC, USAEastern ProvinceElkridge, MD, USAErnakulam / Kochi / CochinErodeFaizabadFaridabadFaridabad, HaryanaFaridkotFarmington Hills, MI, USAFirozpurFort Lauderdale, FL, USAFramingham, MA, USAFujairahGajraulaGandhidhamGandhinagarGanganagarGangtokGayaGermanyGhaziabadGhaziabad, Uttar PradeshGirGoaGodhraGorakhpurGreater NoidaGujaratGulbargaGuntakalGunturGurdaspurGurgaonGurugram, HaryanaGurugram, Haryana (+1 other)Gurugram, Haryana, IndiaGuwahatiGuwahati, AssamGwaliorHaldiaHaldwaniHaridwarHaryanaHazaribagh, JharkhandHimachal PradeshHisarHoboken, NJ, USAHoshiarpurHospetHosurHouston, TX, USAHubliHyderabadHyderabad / SecunderabadHyderabad, TelanganaHyderabad, Telangana (+1 other)Hyderabad, Telangana, IndiaIdukkiImphalIndiaIndoreIndore, Madhya PradeshJabalpurJackson, MI, USAJaipurJaipur, RajasthanJaisalmerJalandharJalgaonJammuJammu and KashmirJamnagarJamshedpurJeddahJhabua, Madhya PradeshJhabua, Madhya Pradesh (+1 other)JhansiJharkhandJharsugudaJindJobs in Bengaluru / BangaloreJodhpurJonesboro, AR, USAJunagadhKakinadaKalaKalpakkamKamalapuramKanchipuramKandlaKannur / CannannoreKanpurKanyakumari, Tamil NaduKapurthalaKarimnagarKarnalKarnatakaKarurKasargodeKashipurKatniKeralaKhammamKharagpurKhopoliKochi, KeralaKohimaKolarKolhapurKolkataKolkata, West BengalKolkata, West Bengal, IndiaKollam / QuilonKoppalKorbaKotaKottayamKozhikode / CalicutKullu/ManaliKurnoolKurukshetraKuwaitLa Jolla, CA, USALakhtarLakshadweepLancaster, PA, USALincolnshire, IL, USALos Angeles, CA, USALouisville, KY, USALucknowLucknow, Uttar PradeshLudhianaMadhapur, TelanganaMadhya PradeshMadina, Telangana (+7 others)MadinahMaduraiMadurai, Tamil NaduMaharashtraMainpuri, Uttar PradeshMainpuri, Uttar Pradesh (+2 others)MakkahMalappuramMamandurManamaMandiManesarMangaloreManipurMapusa, GoaMapusa, Goa, IndiaMathuraMeerutMeghalayaMehsanaMira Bhayandar, MaharashtraMizoramMogaMohaliMontana, USAMoradabadMorindaMount AbuMountain View, CA, USAMumbaiMumbai SuburbsMumbai, MaharashtraMumbai, Maharashtra (+1 other)Mumbai, Maharashtra, IndiaMundraMungerMuscatMuzaffarpurMysoreNagalandNagarNagercoilNagpurNagpur, MaharashtraNashik, MaharashtraNasikNavi MumbaiNavi Mumbai, MaharashtraNavi Mumbai, Maharashtra (+1 other)NeemranaNelloreNew delhiNew Delhi, DelhiNew Delhi, Delhi (+1 other)New Delhi, Delhi (+3 others)New Delhi, Delhi, IndiaNew York, NY, USANewington, CT, USANizamabadNOIDANoida, Uttar PradeshNorfolk, VA, USANorth Delhi, Delhi, IndiaOdishaOmanOotyOraiOverland Park, KS, USAPakistanPalakkad / PalghatPalo Alto, CA, USAPalwalPanchkulaPanipatPanjim / PanajiPantnagarParadeepPathanamthittaPathankotPatialaPatnaPatna, BiharPhagwaraPhiladelphia, PA, USAPondicherryPorbandarPort BlairPortland, ME, USAPunePunePune, MaharashtraPune, Maharashtra (+1 other)Pune, Maharashtra, IndiaPunjabPunjab, IndiaPuriQatarRahway, NJ, USARaigadRaigarhRaipurRajahmundryRajasthanRajkotRajkot, GujaratRajpuraRamanathapuram, Tamil NaduRanchiRas Al KhaimahRatlamRatnagiriRewaRewariRichmond, VA, USARiyadhRohtakRoorkeeRourkelaRudrapurRupnagarSaharanpurSalalahSalemSalem, Tamil NaduSambalpurSan Antonio, TX, USASan Bruno, CA, USASan Diego, CA, USASan Francisco, CA, USASan Leandro, CA, USASangrurSataraSatnaSaudi ArabiaSchenectady, NY, USASeattle, WA, USASharjahShillongShimlaShimogaSikkimSilcharSiliguriSilvassaSolapurSonepatSouth Delhi, New Delhi, DelhiSrinagarSuratSurat, GujaratSurendranagarTamil NaduTarapurTeaneck, NJ, USATelanganaTezpurThaneThane, MaharashtraThanjavurThiruvananthapuram, KeralaThrissur / TrichurTinley Park, IL, USATirunelveliTirupatiTirupati, Andhra PradeshTirupati, Andhra Pradesh (+9 others)TrichyTripuraTrivandrumTumkurTuticorinUAEUAEUdaipurUjjainUnion TerritoriesUnited StatesUSAUttar PradeshUttarakhandVadodara / BarodaVadodara, GujaratValsadVapiVaranasiVasaiVasai-Virar, MaharashtraVasco Da GamaVelloreVeravalVijayawadaVisakhapatnam / VizagVisakhapatnam, Andhra PradeshWaltham, MA, USAWarangalWaterman, IL, USAWayanadWest BengalWest Point, PA, USAWestborough, MA, USAWilmington, DE, USAYamunanagarYanbuJob Category* Select an optionAccountingAerospaceAll jobsApprenticeAutomobileAutomotiveBankingBPOChemicalCivilComputerConstructionConsultantCustomer ServiceDesignerDETDevelopmentDigital Marketing JobsDigital ServiceE CommerceEducationElectricalElectronicsEngineeringFitness TrainerFood ServiceFresher jobsFreshersGETGovernmentGraduate TraineeGulf jobsHealth and CareHRHR jobsHuman ResourceIndustryInformation TechnologyInstrumentationInternshipIT/Software JobsJob FairsManagement TraineeManufacturingMarketingMechanicalMechatronicsMetallurgyNetworkingOff CampusOil & GasOnlineOther ServicesPart time jobsPharmacyPipingProductionSAPSecuritySoftware It jobsSoftware jobsTelecomTestingWalk-In JobsWalkin JobsWeb DesignerWeb DevelopmentSubmit"
